Row Labels,Tempo,Arousal,IsMajor,IsMinor,IsDissonant,Compactness Overall Average,Compactness Overall Standard Deviation,Derivative of Compactness Overall Average,Derivative of Compactness Overall Standard Deviation,Derivative of Fraction Of Low Energy Windows Overall Average,Derivative of Fraction Of Low Energy Windows Overall Standard Deviation,Derivative of Root Mean Square Overall Average,Derivative of Root Mean Square Overall Standard Deviation,Derivative of Running Mean of Compactness Overall Average,Derivative of Running Mean of Compactness Overall Standard Deviation,Derivative of Running Mean of Fraction Of Low Energy Windows Overall Average,Derivative of Running Mean of Fraction Of Low Energy Windows Overall Standard Deviation,Derivative of Running Mean of Root Mean Square Overall Average,Derivative of Running Mean of Root Mean Square Overall Standard Deviation,Derivative of Running Mean of Spectral Centroid Overall Average,Derivative of Running Mean of Spectral Centroid Overall Standard Deviation,Derivative of Running Mean of Spectral Flux Overall Average,Derivative of Running Mean of Spectral Flux Overall Standard Deviation,Derivative of Running Mean of Spectral Rolloff Point Overall Average,Derivative of Running Mean of Spectral Rolloff Point Overall Standard Deviation,Derivative of Running Mean of Spectral Variability Overall Average,Derivative of Running Mean of Spectral Variability Overall Standard Deviation,Derivative of Running Mean of Zero Crossings Overall Average,Derivative of Running Mean of Zero Crossings Overall Standard Deviation,Derivative of Spectral Centroid Overall Average,Derivative of Spectral Centroid Overall Standard Deviation,Derivative of Spectral Flux Overall Average,Derivative of Spectral Flux Overall Standard Deviation,Derivative of Spectral Rolloff Point Overall Average,Derivative of Spectral Rolloff Point Overall Standard Deviation,Derivative of Spectral Variability Overall Average,Derivative of Spectral Variability Overall Standard Deviation,Derivative of Standard Deviation of Compactness Overall Average,Derivative of Standard Deviation of Compactness Overall Standard Deviation,Derivative of Standard Deviation of Fraction Of Low Energy Windows Overall Average,Derivative of Standard Deviation of Fraction Of Low Energy Windows Overall Standard Deviation,Derivative of Standard Deviation of Root Mean Square Overall Average,Derivative of Standard Deviation of Root Mean Square Overall Standard Deviation,Derivative of Standard Deviation of Spectral Centroid Overall Average,Derivative of Standard Deviation of Spectral Centroid Overall Standard Deviation,Derivative of Standard Deviation of Spectral Flux Overall Average,Derivative of Standard Deviation of Spectral Flux Overall Standard Deviation,Derivative of Standard Deviation of Spectral Rolloff Point Overall Average,Derivative of Standard Deviation of Spectral Rolloff Point Overall Standard Deviation,Derivative of Standard Deviation of Spectral Variability Overall Average,Derivative of Standard Deviation of Spectral Variability Overall Standard Deviation,Derivative of Standard Deviation of Zero Crossings Overall Average,Derivative of Standard Deviation of Zero Crossings Overall Standard Deviation,Derivative of Zero Crossings Overall Average,Derivative of Zero Crossings Overall Standard Deviation,FFT Bin Frequency Labels Overall Average,FFT Bin Frequency Labels Overall Standard Deviation,Fraction Of Low Energy Windows Overall Average,Fraction Of Low Energy Windows Overall Standard Deviation,Magnitude Spectrum Overall Average,Magnitude Spectrum Overall Standard Deviation,Power Spectrum Overall Average,Power Spectrum Overall Standard Deviation,Root Mean Square Overall Average,Root Mean Square Overall Standard Deviation,Running Mean of Compactness Overall Average,Running Mean of Compactness Overall Standard Deviation,Running Mean of Fraction Of Low Energy Windows Overall Average,Running Mean of Fraction Of Low Energy Windows Overall Standard Deviation,Running Mean of Root Mean Square Overall Average,Running Mean of Root Mean Square Overall Standard Deviation,Running Mean of Spectral Centroid Overall Average,Running Mean of Spectral Centroid Overall Standard Deviation,Running Mean of Spectral Flux Overall Average,Running Mean of Spectral Flux Overall Standard Deviation,Running Mean of Spectral Rolloff Point Overall Average,Running Mean of Spectral Rolloff Point Overall Standard Deviation,Running Mean of Spectral Variability Overall Average,Running Mean of Spectral Variability Overall Standard Deviation,Running Mean of Zero Crossings Overall Average,Running Mean of Zero Crossings Overall Standard Deviation,Spectral Centroid Overall Average,Spectral Centroid Overall Standard Deviation,Spectral Flux Overall Average,Spectral Flux Overall Standard Deviation,Spectral Rolloff Point Overall Average,Spectral Rolloff Point Overall Standard Deviation,Spectral Variability Overall Average,Spectral Variability Overall Standard Deviation,Standard Deviation of Compactness Overall Average,Standard Deviation of Compactness Overall Standard Deviation,Standard Deviation of Fraction Of Low Energy Windows Overall Average,Standard Deviation of Fraction Of Low Energy Windows Overall Standard Deviation,Standard Deviation of Root Mean Square Overall Average,Standard Deviation of Root Mean Square Overall Standard Deviation,Standard Deviation of Spectral Centroid Overall Average,Standard Deviation of Spectral Centroid Overall Standard Deviation,Standard Deviation of Spectral Flux Overall Average,Standard Deviation of Spectral Flux Overall Standard Deviation,Standard Deviation of Spectral Rolloff Point Overall Average,Standard Deviation of Spectral Rolloff Point Overall Standard Deviation,Standard Deviation of Spectral Variability Overall Average,Standard Deviation of Spectral Variability Overall Standard Deviation,Standard Deviation of Zero Crossings Overall Average,Standard Deviation of Zero Crossings Overall Standard Deviation,Zero Crossings Overall Average,Zero Crossings Overall Standard Deviation,Beat Histogram Bin Labels Overall Average,Beat Histogram Bin Labels Overall Standard Deviation,Beat Histogram Overall Average,Beat Histogram Overall Standard Deviation,Beat Sum Overall Average,Beat Sum Overall Standard Deviation,ConstantQ Overall Average,ConstantQ Overall Standard Deviation,Derivative of Beat Sum Overall Average,Derivative of Beat Sum Overall Standard Deviation,Derivative of LPC Overall Average,Derivative of LPC Overall Standard Deviation,Derivative of Method of Moments Overall Average,Derivative of Method of Moments Overall Standard Deviation,Derivative of MFCC Overall Average,Derivative of MFCC Overall Standard Deviation,Derivative of Partial Based Spectral Centroid Overall Average,Derivative of Partial Based Spectral Centroid Overall Standard Deviation,Derivative of Partial Based Spectral Flux Overall Average,Derivative of Partial Based Spectral Flux Overall Standard Deviation,Derivative of Peak Based Spectral Smoothness Overall Average,Derivative of Peak Based Spectral Smoothness Overall Standard Deviation,Derivative of Relative Difference Function Overall Average,Derivative of Relative Difference Function Overall Standard Deviation,Derivative of Running Mean of Beat Sum Overall Average,Derivative of Running Mean of Beat Sum Overall Standard Deviation,Derivative of Running Mean of LPC Overall Average,Derivative of Running Mean of LPC Overall Standard Deviation,Derivative of Running Mean of Method of Moments Overall Average,Derivative of Running Mean of Method of Moments Overall Standard Deviation,Derivative of Running Mean of MFCC Overall Average,Derivative of Running Mean of MFCC Overall Standard Deviation,Derivative of Running Mean of Partial Based Spectral Centroid Overall Average,Derivative of Running Mean of Partial Based Spectral Centroid Overall Standard Deviation,Derivative of Running Mean of Partial Based Spectral Flux Overall Average,Derivative of Running Mean of Partial Based Spectral Flux Overall Standard Deviation,Derivative of Running Mean of Peak Based Spectral Smoothness Overall Average,Derivative of Running Mean of Peak Based Spectral Smoothness Overall Standard Deviation,Derivative of Running Mean of Relative Difference Function Overall Average,Derivative of Running Mean of Relative Difference Function Overall Standard Deviation,Derivative of Running Mean of Strength Of Strongest Beat Overall Average,Derivative of Running Mean of Strength Of Strongest Beat Overall Standard Deviation,Derivative of Running Mean of Strongest Beat Overall Average,Derivative of Running Mean of Strongest Beat Overall Standard Deviation,Derivative of Running Mean of Strongest Frequency Via FFT Maximum Overall Average,Derivative of Running Mean of Strongest Frequency Via FFT Maximum Overall Standard Deviation,Derivative of Running Mean of Strongest Frequency Via Spectral Centroid Overall Average,Derivative of Running Mean of Strongest Frequency Via Spectral Centroid Overall Standard Deviation,Derivative of Running Mean of Strongest Frequency Via Zero Crossings Overall Average,Derivative of Running Mean of Strongest Frequency Via Zero Crossings Overall Standard Deviation,Derivative of Standard Deviation of Beat Sum Overall Average,Derivative of Standard Deviation of Beat Sum Overall Standard Deviation,Derivative of Standard Deviation of LPC Overall Average,Derivative of Standard Deviation of LPC Overall Standard Deviation,Derivative of Standard Deviation of Method of Moments Overall Average,Derivative of Standard Deviation of Method of Moments Overall Standard Deviation,Derivative of Standard Deviation of MFCC Overall Average,Derivative of Standard Deviation of MFCC Overall Standard Deviation,Derivative of Standard Deviation of Partial Based Spectral Centroid Overall Average,Derivative of Standard Deviation of Partial Based Spectral Centroid Overall Standard Deviation,Derivative of Standard Deviation of Partial Based Spectral Flux Overall Average,Derivative of Standard Deviation of Partial Based Spectral Flux Overall Standard Deviation,Derivative of Standard Deviation of Peak Based Spectral Smoothness Overall Average,Derivative of Standard Deviation of Peak Based Spectral Smoothness Overall Standard Deviation,Derivative of Standard Deviation of Relative Difference Function Overall Average,Derivative of Standard Deviation of Relative Difference Function Overall Standard Deviation,Derivative of Standard Deviation of Strength Of Strongest Beat Overall Average,Derivative of Standard Deviation of Strength Of Strongest Beat Overall Standard Deviation,Derivative of Standard Deviation of Strongest Beat Overall Average,Derivative of Standard Deviation of Strongest Beat Overall Standard Deviation,Derivative of Standard Deviation of Strongest Frequency Via FFT Maximum Overall Average,Derivative of Standard Deviation of Strongest Frequency Via FFT Maximum Overall Standard Deviation,Derivative of Standard Deviation of Strongest Frequency Via Spectral Centroid Overall Average,Derivative of Standard Deviation of Strongest Frequency Via Spectral Centroid Overall Standard Deviation,Derivative of Standard Deviation of Strongest Frequency Via Zero Crossings Overall Average,Derivative of Standard Deviation of Strongest Frequency Via Zero Crossings Overall Standard Deviation,Derivative of Strength Of Strongest Beat Overall Average,Derivative of Strength Of Strongest Beat Overall Standard Deviation,Derivative of Strongest Beat Overall Average,Derivative of Strongest Beat Overall Standard Deviation,Derivative of Strongest Frequency Via FFT Maximum Overall Average,Derivative of Strongest Frequency Via FFT Maximum Overall Standard Deviation,Derivative of Strongest Frequency Via Spectral Centroid Overall Average,Derivative of Strongest Frequency Via Spectral Centroid Overall Standard Deviation,Derivative of Strongest Frequency Via Zero Crossings Overall Average,Derivative of Strongest Frequency Via Zero Crossings Overall Standard Deviation,LPC Overall Average,LPC Overall Standard Deviation,Method of Moments Overall Average,Method of Moments Overall Standard Deviation,MFCC Overall Average,MFCC Overall Standard Deviation,Partial Based Spectral Centroid Overall Average,Partial Based Spectral Centroid Overall Standard Deviation,Partial Based Spectral Flux Overall Average,Partial Based Spectral Flux Overall Standard Deviation,Peak Based Spectral Smoothness Overall Average,Peak Based Spectral Smoothness Overall Standard Deviation,Peak Detection Overall Average,Relative Difference Function Overall Average,Relative Difference Function Overall Standard Deviation,Running Mean of Beat Sum Overall Average,Running Mean of Beat Sum Overall Standard Deviation,Running Mean of LPC Overall Average,Running Mean of LPC Overall Standard Deviation,Running Mean of Method of Moments Overall Average,Running Mean of Method of Moments Overall Standard Deviation,Running Mean of MFCC Overall Average,Running Mean of MFCC Overall Standard Deviation,Running Mean of Partial Based Spectral Centroid Overall Average,Running Mean of Partial Based Spectral Centroid Overall Standard Deviation,Running Mean of Partial Based Spectral Flux Overall Average,Running Mean of Partial Based Spectral Flux Overall Standard Deviation,Running Mean of Peak Based Spectral Smoothness Overall Average,Running Mean of Peak Based Spectral Smoothness Overall Standard Deviation,Running Mean of Relative Difference Function Overall Average,Running Mean of Relative Difference Function Overall Standard Deviation,Running Mean of Strength Of Strongest Beat Overall Average,Running Mean of Strength Of Strongest Beat Overall Standard Deviation,Running Mean of Strongest Beat Overall Average,Running Mean of Strongest Beat Overall Standard Deviation,Running Mean of Strongest Frequency Via FFT Maximum Overall Average,Running Mean of Strongest Frequency Via FFT Maximum Overall Standard Deviation,Running Mean of Strongest Frequency Via Spectral Centroid Overall Average,Running Mean of Strongest Frequency Via Spectral Centroid Overall Standard Deviation,Running Mean of Strongest Frequency Via Zero Crossings Overall Average,Running Mean of Strongest Frequency Via Zero Crossings Overall Standard Deviation,Standard Deviation of Beat Sum Overall Average,Standard Deviation of Beat Sum Overall Standard Deviation,Standard Deviation of LPC Overall Average,Standard Deviation of LPC Overall Standard Deviation,Standard Deviation of Method of Moments Overall Average,Standard Deviation of Method of Moments Overall Standard Deviation,Standard Deviation of MFCC Overall Average,Standard Deviation of MFCC Overall Standard Deviation,Standard Deviation of Partial Based Spectral Centroid Overall Average,Standard Deviation of Partial Based Spectral Centroid Overall Standard Deviation,Standard Deviation of Partial Based Spectral Flux Overall Average,Standard Deviation of Partial Based Spectral Flux Overall Standard Deviation,Standard Deviation of Peak Based Spectral Smoothness Overall Average,Standard Deviation of Peak Based Spectral Smoothness Overall Standard Deviation,Standard Deviation of Relative Difference Function Overall Average,Standard Deviation of Relative Difference Function Overall Standard Deviation,Standard Deviation of Strength Of Strongest Beat Overall Average,Standard Deviation of Strength Of Strongest Beat Overall Standard Deviation,Standard Deviation of Strongest Beat Overall Average,Standard Deviation of Strongest Beat Overall Standard Deviation,Standard Deviation of Strongest Frequency Via FFT Maximum Overall Average,Standard Deviation of Strongest Frequency Via FFT Maximum Overall Standard Deviation,Standard Deviation of Strongest Frequency Via Spectral Centroid Overall Average,Standard Deviation of Strongest Frequency Via Spectral Centroid Overall Standard Deviation,Standard Deviation of Strongest Frequency Via Zero Crossings Overall Average,Standard Deviation of Strongest Frequency Via Zero Crossings Overall Standard Deviation,Strength Of Strongest Beat Overall Average,Strength Of Strongest Beat Overall Standard Deviation,Strongest Beat Overall Average,Strongest Beat Overall Standard Deviation,Strongest Frequency Via FFT Maximum Overall Average,Strongest Frequency Via FFT Maximum Overall Standard Deviation,Strongest Frequency Via Spectral Centroid Overall Average,Strongest Frequency Via Spectral Centroid Overall Standard Deviation,Strongest Frequency Via Zero Crossings Overall Average,Strongest Frequency Via Zero Crossings Overall Standard Deviation,Area Method of Moments Overall Average,Area Method of Moments Overall Standard Deviation,Derivative of Area Method of Moments Overall Average,Derivative of Area Method of Moments Overall Standard Deviation,Derivative of Running Mean of Area Method of Moments Overall Average,Derivative of Running Mean of Area Method of Moments Overall Standard Deviation,Derivative of Standard Deviation of Area Method of Moments Overall Average,Derivative of Standard Deviation of Area Method of Moments Overall Standard Deviation,Running Mean of Area Method of Moments Overall Average,Running Mean of Area Method of Moments Overall Standard Deviation,Standard Deviation of Area Method of Moments Overall Average,Standard Deviation of Area Method of Moments Overall Standard Deviation,Area Method of Moments of MFCCs Overall Average,Area Method of Moments of MFCCs Overall Standard Deviation,Derivative of Area Method of Moments Overall Average,Derivative of Area Method of Moments Overall Standard Deviation,Derivative of Running Mean of Area Method of Moments Overall Average,Derivative of Running Mean of Area Method of Moments Overall Standard Deviation,Derivative of Standard Deviation of Area Method of Moments Overall Average,Derivative of Standard Deviation of Area Method of Moments Overall Standard Deviation,Running Mean of Area Method of Moments Overall Average,Running Mean of Area Method of Moments Overall Standard Deviation,Standard Deviation of Area Method of Moments Overall Average,Standard Deviation of Area Method of Moments Overall Standard Deviation,Area Method of Moments of Log of ConstantQ transform Overall Average,Area Method of Moments of Log of ConstantQ transform Overall Standard Deviation,Derivative of Area Method of Moments Overall Average,Derivative of Area Method of Moments Overall Standard Deviation,Derivative of Running Mean of Area Method of Moments Overall Average,Derivative of Running Mean of Area Method of Moments Overall Standard Deviation,Derivative of Standard Deviation of Area Method of Moments Overall Average,Derivative of Standard Deviation of Area Method of Moments Overall Standard Deviation,Running Mean of Area Method of Moments Overall Average,Running Mean of Area Method of Moments Overall Standard Deviation,Standard Deviation of Area Method of Moments Overall Average,Standard Deviation of Area Method of Moments Overall Standard Deviation,Area Method of Moments of ConstantQ-based MFCCs Overall Average,Area Method of Moments of ConstantQ-based MFCCs Overall Standard Deviation,Derivative of Area Method of Moments Overall Average,Derivative of Area Method of Moments Overall Standard Deviation,Derivative of Running Mean of Area Method of Moments Overall Average,Derivative of Running Mean of Area Method of Moments Overall Standard Deviation,Derivative of Standard Deviation of Area Method of Moments Overall Average,Derivative of Standard Deviation of Area Method of Moments Overall Standard Deviation,Running Mean of Area Method of Moments Overall Average,Running Mean of Area Method of Moments Overall Standard Deviation,Standard Deviation of Area Method of Moments Overall Average,Standard Deviation of Area Method of Moments Overall Standard Deviation,ConstantQ derived MFCCs Overall Average,ConstantQ derived MFCCs Overall Standard Deviation,ConstantQ Overall Average,ConstantQ Overall Standard Deviation,Log of ConstantQ Overall Average,Log of ConstantQ Overall Standard Deviation
CHEERFUL010G.wav,2,1,1,0,0,1613,187.3,-1.224,247,-0.0002817,0.008791,-0.00003774,0.01081,0.1841,2.711,-0.00004298,0.0006091,-0.00001728,0.0001702,0.05715,0.7879,-1.97E-07,0.000002011,0.0006312,0.003504,-4.90E-07,0.000004061,0.1434,1.41,0.04812,39.33,-8.39E-08,0.0001547,-0.0006135,0.2203,-8.27E-07,0.0002983,1.843,27.13,-0.0004287,0.006089,-0.000173,0.001699,0.5775,7.898,-0.000001876,0.00001965,0.006352,0.03517,-0.000004897,0.00004043,1.446,14.13,-0.07692,60.84,1024000.02,0,0.6004,0.03338,0.07145948,0.10358699,0.046792809,0.1959523,0.01791,0.01211,1624,40.21,0.5866,0.007598,0.01989,0.002953,121.9,10.39,0.00007659,0.00002601,0.7536,0.05992,0.0004274,0.00006539,243.5,19.44,110.4,54.33,0.00007086,0.0001528,0.6866,0.2622,0.0003914,0.0002857,16240,402.4,5.866,0.07596,0.1985,0.02956,1218,104.2,0.0007548,0.0002548,7.533,0.6019,0.004265,0.0006534,2433,195,221.6,97.47,171,171,171,171,1,1,192,192,1,1,10,10,5,5,13,13,1,1,1,1,1,1,1,1,1,1,10,10,5,5,13,13,1,1,1,1,1,1,1,1,1,1,1,1,1,1,1,1,1,1,1,1,10,10,5,5,13,13,1,1,1,1,1,1,1,1,1,1,1,1,1,1,1,1,1,1,1,1,1,1,1,1,1,1,1,1,10,10,5,5,13,13,1,1,1,1,1,1,61,1,1,1,1,10,10,5,5,13,13,1,1,1,1,1,1,1,1,1,1,1,1,1,1,1,1,1,1,1,1,10,10,5,5,13,13,1,1,1,1,1,1,1,1,1,1,1,1,1,1,1,1,1,1,1,1,1,1,1,1,1,1,1,1,4.10E+19,5.26E+17,5.73E+15,1.20E+15,5.99E+15,2.61E+14,5.99E+16,2.61E+15,4.10E+19,3.56E+17,4.10E+20,3.56E+18,7.14E+15,5.54E+13,6.14E+16,1.28E+16,6.42E+16,2.72E+15,6.42E+17,2.72E+16,1.44E+21,3.81E+18,1.44E+22,3.81E+19,10,10,10,10,10,10,10,10,10,10,10,10,10,10,10,10,10,10,10,10,10,10,10,10,13,13,192,192,192,192
FEARFUL040G.wav,2,1,0,1,0,1574,174.7,-3.036,242.7,0.00006515,0.008284,-0.00005363,0.02672,0.1099,2.344,-0.00001202,0.0006685,0.00001882,0.0005619,-0.00323,0.08367,4.16E-07,0.00001054,-0.000001018,0.0008193,6.48E-07,0.00001598,-0.01062,0.2766,0.01539,5.832,8.30E-07,0.0006624,0.0001732,0.07495,-0.000002261,0.0009286,1.097,23.45,-0.0001195,0.006688,0.0001865,0.005607,-0.03239,0.8344,0.000004075,0.0001035,-0.00002252,0.008068,0.00000643,0.0001594,-0.1061,2.762,-0.02709,19.01,1024000.02,0,0.5997,0.04158,0.13594347,0.12173241,0.607422445,1.017394887,0.07189,0.03344,1577,18.2,0.6133,0.01559,0.06948,0.007188,8.98,0.7591,0.0004693,0.00009364,0.05179,0.00545,0.001775,0.000178,30.79,2.955,8.696,5.411,0.0004851,0.0006529,0.05041,0.05992,0.00184,0.000973,15770,181.9,6.133,0.1559,0.694,0.07188,89.64,7.593,0.004642,0.000931,0.5152,0.05401,0.01772,0.00178,307.4,29.57,29.87,18.01,171,171,171,171,1,1,192,192,1,1,10,10,5,5,13,13,1,1,1,1,1,1,1,1,1,1,10,10,5,5,13,13,1,1,1,1,1,1,1,1,1,1,1,1,1,1,1,1,1,1,1,1,10,10,5,5,13,13,1,1,1,1,1,1,1,1,1,1,1,1,1,1,1,1,1,1,1,1,1,1,1,1,1,1,1,1,10,10,5,5,13,13,1,1,1,1,1,1,19,1,1,1,1,10,10,5,5,13,13,1,1,1,1,1,1,1,1,1,1,1,1,1,1,1,1,1,1,1,1,10,10,5,5,13,13,1,1,1,1,1,1,1,1,1,1,1,1,1,1,1,1,1,1,1,1,1,1,1,1,1,1,1,1,1.59E+20,5.16E+17,4.46E+15,9.70E+14,4.49E+15,2.42E+14,4.49E+16,2.42E+15,1.59E+20,3.89E+17,1.59E+21,3.89E+18,3.05E+16,1.91E+14,2.67E+16,5.80E+15,2.68E+16,1.46E+15,2.68E+17,1.46E+16,2.33E+21,2.32E+18,2.33E+22,2.32E+19,10,10,10,10,10,10,10,10,10,10,10,10,10,10,10,10,10,10,10,10,10,10,10,10,13,13,192,192,192,192
SADNESS024G.wav,2,2,0,1,0,1626,203.8,-2.121,276.6,-0.0007042,0.009614,-1.06E-07,0.005808,-0.09694,2.907,-0.001211,0.0006277,8.52E-06,9.71E-05,-0.08731,0.6162,-2.19E-08,5.31E-07,-0.0003105,0.004341,2.69E-07,1.82E-06,-0.1492,1.122,-0.4262,37.5,1.03E-08,3.63E-05,-0.002178,0.2992,5.17E-07,0.0001072,-0.968,29.08,-0.0121,0.006277,8.63E-05,0.0009649,-0.872,6.161,-2.10E-07,5.17E-06,-0.003117,0.04352,2.71E-06,1.81E-05,-1.491,11.23,-0.7564,58.29,1024000.02,0,0.6624,0.07468,0.05184344,0.06588459,0.024260042,0.06947596,0.01481,0.007106,1632,18.13,0.6564,0.04748,0.01513,0.0008595,57.26,5.175,2.22E-05,3.90E-06,0.4279,0.02838,0.0003381,2.14E-05,129.7,9.513,58.92,45.34,2.13E-05,4.00E-05,0.4418,0.3188,0.0003319,0.000132,16310,181.3,6.564,0.4748,0.1511,0.008582,570.9,51.82,0.0002184,3.82E-05,4.267,0.2849,0.003378,0.0002138,1295,95.31,131.9,79.79,171,171,171,171,1,1,192,192,1,1,10,10,5,5,13,13,1,1,1,1,1,1,1,1,1,1,10,10,5,5,13,13,1,1,1,1,1,1,1,1,1,1,1,1,1,1,1,1,1,1,1,1,10,10,5,5,13,13,1,1,1,1,1,1,1,1,1,1,1,1,1,1,1,1,1,1,1,1,1,1,1,1,1,1,1,1,10,10,5,5,13,13,1,1,1,1,1,1,55,1,1,1,1,10,10,5,5,13,13,1,1,1,1,1,1,1,1,1,1,1,1,1,1,1,1,1,1,1,1,10,10,5,5,13,13,1,1,1,1,1,1,1,1,1,1,1,1,1,1,1,1,1,1,1,1,1,1,1,1,1,1,1,1,1.88E+21,4.79E+18,5.49E+16,1.46E+16,5.42E+16,2.06E+15,5.42E+17,2.06E+16,1.88E+21,3.24E+18,1.88E+22,3.24E+19,3.79E+17,7.83E+14,2.35E+17,6.26E+16,2.32E+17,8.87E+15,2.32E+18,8.87E+16,1.67E+22,1.39E+19,1.67E+23,1.39E+20,10,10,10,10,10,10,10,10,10,10,10,10,10,10,10,10,10,10,10,10,10,10,10,10,13,13,192,192,192,192
FEARFUL006F.wav,2,2,0,1,0,1665,186,-0.6529,240.8,-8.40E-05,0.01101,7.20E-06,0.0108,0.105,2.688,0.000335,0.0003453,7.68E-05,0.0001917,-0.2138,0.7013,9.77E-08,2.08E-06,-0.0008643,0.003915,2.05E-06,3.56E-06,-0.3661,1.193,-0.1255,37.65,2.52E-07,0.0001214,0.0005196,0.2526,3.95E-07,0.0002276,1.053,26.9,0.00335,0.003453,0.00077,0.00191,-2.136,6.99,9.15E-07,2.03E-05,-0.00866,0.03919,2.05E-05,3.55E-05,-3.657,11.89,-0.1927,58.35,1024000.02,0,0.6771,0.03426,0.09492216,0.12867384,0.090361948,0.243053091,0.02795,0.0142,1686,19.96,0.6751,0.002352,0.02885,0.003099,53.23,7.689,7.21E-05,1.06E-05,0.4061,0.03433,0.0006495,7.79E-05,119.3,12.92,58.19,52.35,8.00E-05,0.0001455,0.4104,0.311,0.0006347,0.000276,16850,199.7,6.751,0.02352,0.2882,0.03105,530.3,76.67,0.0007117,0.0001048,4.049,0.3437,0.006491,0.0007801,1190,128.9,126.6,91.63,1,1,1,1,1,1,192,192,1,1,10,10,5,5,13,13,1,1,1,1,1,1,1,1,1,1,10,10,5,5,13,13,1,1,1,1,1,1,1,1,1,1,1,1,1,1,1,1,1,1,1,1,10,10,5,5,13,13,1,1,1,1,1,1,1,1,1,1,1,1,1,1,1,1,1,1,1,1,1,1,1,1,1,1,1,1,10,10,5,5,13,13,1,1,1,1,1,1,60,1,1,1,1,10,10,5,5,13,13,1,1,1,1,1,1,1,1,1,1,1,1,1,1,1,1,1,1,1,1,10,10,5,5,13,13,1,1,1,1,1,1,1,1,1,1,1,1,1,1,1,1,1,1,1,1,1,1,1,1,1,1,1,1,3.82E+20,1.11E+18,1.90E+16,5.88E+15,1.82E+16,9.62E+14,1.82E+17,9.62E+15,3.82E+20,5.84E+17,3.82E+21,5.84E+18,7.16E+16,1.79E+14,1.52E+17,4.68E+16,1.45E+17,7.66E+15,1.45E+18,7.66E+16,8.58E+21,4.65E+18,8.58E+22,4.65E+19,10,10,10,10,10,10,10,10,10,10,10,10,10,10,10,10,10,10,10,10,10,10,10,10,13,13,192,192,192,192
FEARFUL008G.wav,2,1,0,1,0,1606,166.4,-1.452,225.9,-5.10E-05,0.006354,2.64E-06,0.013,0.001157,2.259,-6.20E-05,0.0006217,-1.41E-05,0.0004171,-0.0131,0.4363,-1.91E-07,3.67E-06,-3.79E-05,0.003479,-3.32E-07,1.13E-05,-0.01143,0.8376,-0.009645,28.51,-8.25E-07,0.0002559,-0.0003866,0.2388,3.45E-07,0.0003735,0.01152,22.6,-0.0006195,0.006218,-0.0001404,0.004163,-0.1303,4.337,-1.83E-06,3.47E-05,-0.0003817,0.03476,-3.31E-06,0.0001131,-0.1127,8.35,-0.03639,46.04,1024000.02,0,0.6067,0.0406,0.12217307,0.16352124,0.311620848,0.885087152,0.04772,0.03082,1607,24.63,0.6039,0.02825,0.04953,0.01193,31.6,12.47,0.0001315,3.13E-05,0.2388,0.1053,0.00123,0.0003445,80.99,27.35,34.8,35.89,0.0001353,0.0002727,0.2593,0.2768,0.001178,0.0008356,16070,246.4,6.038,0.2825,0.4945,0.119,314.8,124.2,0.001295,0.0002986,2.377,1.051,0.01228,0.003435,808.2,272.9,87.58,67.68,171,171,171,171,1,1,192,192,1,1,10,10,5,5,13,13,1,1,1,1,1,1,1,1,1,1,10,10,5,5,13,13,1,1,1,1,1,1,1,1,1,1,1,1,1,1,1,1,1,1,1,1,10,10,5,5,13,13,1,1,1,1,1,1,1,1,1,1,1,1,1,1,1,1,1,1,1,1,1,1,1,1,1,1,1,1,10,10,5,5,13,13,1,1,1,1,1,1,55,1,1,1,1,10,10,5,5,13,13,1,1,1,1,1,1,1,1,1,1,1,1,1,1,1,1,1,1,1,1,10,10,5,5,13,13,1,1,1,1,1,1,1,1,1,1,1,1,1,1,1,1,1,1,1,1,1,1,1,1,1,1,1,1,4.01E+20,2.84E+18,1.56E+16,4.69E+15,1.51E+16,3.00E+15,1.51E+17,3.00E+16,4.01E+20,2.35E+18,4.01E+21,2.35E+19,7.64E+16,6.01E+14,1.22E+17,3.66E+16,1.18E+17,2.35E+16,1.18E+18,2.35E+17,8.73E+21,1.83E+19,8.73E+22,1.83E+20,10,10,10,10,10,10,10,10,10,10,10,10,10,10,10,10,10,10,10,10,10,10,10,10,13,13,192,192,192,192
BRAVERY001E.wav,1,1,0,1,0,1602,173.3,-0.3031,237.2,-0.0001616,0.008301,7.43E-06,0.01303,-0.1005,2.38,-3.40E-05,0.0004218,8.52E-06,0.0002423,0.03868,0.7379,3.14E-08,3.61E-06,0.0002366,0.004727,1.93E-07,6.24E-06,0.07454,1.343,0.1574,37.96,3.64E-08,0.0002651,0.0008868,0.2669,2.55E-07,0.0003599,-1.006,23.81,-0.0003404,0.004218,8.54E-05,0.002413,0.3865,7.372,3.10E-07,3.37E-05,0.00237,0.04739,1.94E-06,6.21E-05,0.7456,13.42,0.1226,61.14,1024000.02,0,0.6002,0.02762,0.07480488,0.10895627,0.090998428,0.327850845,0.02584,0.01711,1604,19.33,0.5987,0.01266,0.02697,0.003028,50.98,19.36,9.31E-05,3.55E-05,0.3536,0.1309,0.0006346,8.68E-05,112.6,38.02,51.12,52,8.71E-05,0.0002408,0.3543,0.3371,0.0006067,0.0004353,16040,193.3,5.987,0.1265,0.2692,0.03018,507.3,193.8,0.0009031,0.0003352,3.521,1.314,0.006331,0.0008641,1122,380.5,112.8,95.12,171,171,171,171,1,1,192,192,1,1,10,10,5,5,13,13,1,1,1,1,1,1,1,1,1,1,10,10,5,5,13,13,1,1,1,1,1,1,1,1,1,1,1,1,1,1,1,1,1,1,1,1,10,10,5,5,13,13,1,1,1,1,1,1,1,1,1,1,1,1,1,1,1,1,1,1,1,1,1,1,1,1,1,1,1,1,10,10,5,5,13,13,1,1,1,1,1,1,73,1,1,1,1,10,10,5,5,13,13,1,1,1,1,1,1,1,1,1,1,1,1,1,1,1,1,1,1,1,1,10,10,5,5,13,13,1,1,1,1,1,1,1,1,1,1,1,1,1,1,1,1,1,1,1,1,1,1,1,1,1,1,1,1,1.23E+14,1.53E+14,7.65E+11,8.03E+11,7.12E+11,6.83E+11,7.12E+12,6.83E+12,1.04E+14,1.21E+14,1.04E+15,1.21E+15,16292783312,18506421448,6.07E+16,1.98E+16,6.08E+16,1.01E+16,6.08E+17,1.01E+17,2.33E+21,1.05E+19,2.33E+22,1.05E+20,10,10,10,10,10,10,10,10,10,10,10,10,10,10,10,10,10,10,10,10,10,10,10,10,13,13,192,192,192,192
CALMF024.wav,2,2,0,0,1,1652,167.7,-2.551,217,0.0002808,0.008587,0.000003187,0.01714,0.02702,2.349,0.0002764,0.0008692,0.00002468,0.0004756,-0.01955,0.4743,-7.13E-08,0.000003862,-0.0003673,0.003811,8.87E-07,0.00001323,-0.04618,0.9217,0.004467,23,-3.65E-07,0.0003115,-0.0007229,0.2168,8.61E-07,0.0005061,0.2697,23.5,0.002763,0.008691,0.0002432,0.004726,-0.1922,4.728,-0.000000826,0.00003734,-0.003653,0.03811,0.000008777,0.0001313,-0.457,9.202,-0.169,38.55,1024000.02,0,0.6955,0.06348,0.10567962,0.15347982,0.329005452,1.059654719,0.0457,0.03583,1660,30.88,0.6823,0.03389,0.04595,0.005938,34.39,7.251,0.000143,0.00003926,0.2507,0.06397,0.001158,0.0001668,86.33,15.19,39.08,34.09,0.0001398,0.0002852,0.2683,0.2621,0.001147,0.0009884,16600,308.8,6.823,0.3389,0.4583,0.059,342.6,72.44,0.001405,0.0003843,2.495,0.6393,0.01154,0.001658,861.3,151.9,94.35,65.11,171,171,171,171,1,1,192,192,1,1,10,10,5,5,13,13,1,1,1,1,1,1,1,1,1,1,10,10,5,5,13,13,1,1,1,1,1,1,1,1,1,1,1,1,1,1,1,1,1,1,1,1,10,10,5,5,13,13,1,1,1,1,1,1,1,1,1,1,1,1,1,1,1,1,1,1,1,1,1,1,1,1,1,1,1,1,10,10,5,5,13,13,1,1,1,1,1,1,58,1,1,1,1,10,10,5,5,13,13,1,1,1,1,1,1,1,1,1,1,1,1,1,1,1,1,1,1,1,1,10,10,5,5,13,13,1,1,1,1,1,1,1,1,1,1,1,1,1,1,1,1,1,1,1,1,1,1,1,1,1,1,1,1,1.33E+19,2.49E+17,1.60E+15,5.15E+14,1.56E+15,1.96E+14,1.56E+16,1.96E+15,1.33E+19,2.03E+17,1.33E+20,2.03E+18,2.72E+15,5.30E+13,2.97E+16,9.62E+15,2.89E+16,3.71E+15,2.89E+17,3.71E+16,1.06E+21,3.77E+18,1.06E+22,3.77E+19,10,10,10,10,10,10,10,10,10,10,10,10,10,10,10,10,10,10,10,10,10,10,10,10,13,13,192,192,192,192
CALM021G.wav,2,1,0,1,0,1717,198.2,-2.037,250.7,-0.0001084,0.008533,-0.000131,0.01542,0.2522,2.839,0.0001256,0.0005829,-0.0001333,0.0002899,0.03653,0.3054,-7.44E-07,3.42E-06,0.0002082,0.002512,-3.51E-06,8.18E-06,0.0703,0.5982,0.02217,18.73,-1.83E-07,0.000313,0.0002671,0.1741,-2.98E-06,0.0004906,2.522,28.42,0.001256,0.00583,-0.00133,0.002889,0.3708,3.022,-7.30E-06,3.35E-05,0.00211,0.02489,-3.50E-05,8.15E-05,0.7119,5.944,0.03419,33.13,1024000.02,0,0.6038,0.03911,0.058041653,0.095610355,0.18777626,0.58950552,0.03287,0.02938,1733,51.96,0.6022,0.01417,0.03159,0.0181,26.36,8.149,9.28E-05,0.0001156,0.1621,0.04493,0.0008171,0.0004728,61.81,14.98,25.4,22.89,0.0001007,0.0003021,0.155,0.1845,0.0008515,0.0008004,17330,519.7,6.022,0.1417,0.3154,0.1806,262.7,81.98,0.0009127,0.001139,1.611,0.4516,0.008158,0.004715,616.6,150.6,59.62,45.13,171,171,171,171,1,1,192,192,1,1,10,10,5,5,13,13,1,1,1,1,1,1,1,1,1,1,10,10,5,5,13,13,1,1,1,1,1,1,1,1,1,1,1,1,1,1,1,1,1,1,1,1,10,10,5,5,13,13,1,1,1,1,1,1,1,1,1,1,1,1,1,1,1,1,1,1,1,1,1,1,1,1,1,1,1,1,10,10,5,5,13,13,1,1,1,1,1,1,60,1,1,1,1,10,10,5,5,13,13,1,1,1,1,1,1,1,1,1,1,1,1,1,1,1,1,1,1,1,1,10,10,5,5,13,13,1,1,1,1,1,1,1,1,1,1,1,1,1,1,1,1,1,1,1,1,1,1,1,1,1,1,1,1,3.46E+19,2.64E+17,2.06E+15,9.72E+14,2.01E+15,4.26E+14,2.01E+16,4.26E+15,3.46E+19,2.01E+17,3.46E+20,2.01E+18,7.00E+15,8.26E+13,5.27E+16,2.48E+16,5.14E+16,1.08E+16,5.14E+17,1.08E+17,4.47E+21,5.14E+18,4.47E+22,5.14E+19,10,10,10,10,10,10,10,10,10,10,10,10,10,10,10,10,10,10,10,10,10,10,10,10,13,13,192,192,192,192
BRAVERY020G.wav,2,2,0,1,0,1727,199.9,-0.5891,205,8.24E-05,0.0099,-1.49E-06,0.01571,-0.1893,2.507,-4.30E-05,0.001068,2.05E-05,0.0004556,-0.006668,0.4314,1.27E-07,6.96E-06,-3.83E-05,0.003323,5.52E-07,1.22E-05,-0.005614,0.8402,0.005637,19.44,9.63E-09,0.0004458,9.53E-05,0.1633,-5.09E-08,0.0005081,-1.892,25.08,-0.0004293,0.01068,0.0002045,0.004538,-0.06618,4.291,1.25E-06,6.80E-05,-0.0003812,0.03316,5.50E-06,0.0001211,-0.05545,8.377,-0.01448,33.1,1024000.02,0,0.6098,0.07481,0.13181707,0.207268,0.38028634,1.39961334,0.04959,0.03783,1725,102.7,0.6097,0.04781,0.05036,0.02528,32.61,18.03,0.0002368,0.0002287,0.2383,0.138,0.001244,0.0005928,80.81,36.5,31.53,32.36,0.0002265,0.0004953,0.2287,0.2506,0.001227,0.0009789,17250,1027,6.097,0.4779,0.5028,0.2527,325,180.1,0.002331,0.00228,2.373,1.38,0.01241,0.005924,806.3,365,78.73,63.71,171,171,171,171,1,1,192,192,1,1,10,10,5,5,13,13,1,1,1,1,1,1,1,1,1,1,10,10,5,5,13,13,1,1,1,1,1,1,1,1,1,1,1,1,1,1,1,1,1,1,1,1,10,10,5,5,13,13,1,1,1,1,1,1,1,1,1,1,1,1,1,1,1,1,1,1,1,1,1,1,1,1,1,1,1,1,10,10,5,5,13,13,1,1,1,1,1,1,65,1,1,1,1,10,10,5,5,13,13,1,1,1,1,1,1,1,1,1,1,1,1,1,1,1,1,1,1,1,1,10,10,5,5,13,13,1,1,1,1,1,1,1,1,1,1,1,1,1,1,1,1,1,1,1,1,1,1,1,1,1,1,1,1,1.37E+18,1.21E+17,3.17E+14,1.15E+14,3.21E+14,7.49E+13,3.21E+15,7.49E+14,1.37E+18,1.12E+17,1.37E+19,1.12E+18,3.90E+14,3.42E+13,5.30E+16,2.01E+16,5.36E+16,1.37E+16,5.36E+17,1.37E+17,2.94E+21,1.88E+19,2.94E+22,1.88E+20,10,10,10,10,10,10,10,10,10,10,10,10,10,10,10,10,10,10,10,10,10,10,10,10,13,13,192,192,192,192
BRAVERY010G.wav,2,2,1,0,0,1668,148.3,-0.1845,195.7,0.0002168,0.008305,0.00006143,0.01888,0.1614,2.014,-0.0001189,0.0007177,0.000007675,0.0002898,-0.01054,0.1071,-9.19E-08,0.000006,-0.00007675,0.001026,0.000000192,0.000008213,-0.02656,0.2819,-0.00334,7.018,6.83E-08,0.0004201,0.00003339,0.08721,0.000001827,0.0005558,1.615,20.14,-0.001188,0.007179,0.00007753,0.00289,-0.1044,1.061,-8.80E-07,0.00005625,-0.0007562,0.009891,0.000001942,0.00008189,-0.2644,2.809,-0.01496,18.01,1024000.02,0,0.5855,0.04295,0.08491984,0.08983052,0.227624253,0.481477094,0.04451,0.01894,1670,36.8,0.5893,0.02835,0.04696,0.002816,10.11,1.46,0.0001769,0.00003997,0.05219,0.009554,0.001224,0.00007787,33.11,4.416,11.42,8.3,0.0001601,0.0003721,0.06031,0.07884,0.001156,0.0005357,16700,368.1,5.893,0.2835,0.4693,0.02812,100.9,14.53,0.001723,0.0003904,0.5179,0.09336,0.01223,0.0007773,330.6,44.05,35.33,20.13,171,171,171,171,1,1,192,192,1,1,10,10,5,5,13,13,1,1,1,1,1,1,1,1,1,1,10,10,5,5,13,13,1,1,1,1,1,1,1,1,1,1,1,1,1,1,1,1,1,1,1,1,10,10,5,5,13,13,1,1,1,1,1,1,1,1,1,1,1,1,1,1,1,1,1,1,1,1,1,1,1,1,1,1,1,1,10,10,5,5,13,13,1,1,1,1,1,1,41,1,1,1,1,10,10,5,5,13,13,1,1,1,1,1,1,1,1,1,1,1,1,1,1,1,1,1,1,1,1,10,10,5,5,13,13,1,1,1,1,1,1,1,1,1,1,1,1,1,1,1,1,1,1,1,1,1,1,1,1,1,1,1,1,7.62E+16,4.43E+15,3.33E+13,6.87E+12,3.31E+13,2.13E+12,3.31E+14,2.13E+13,7.63E+16,3.52E+15,7.63E+17,3.52E+16,1.51E+13,1.38E+12,1.27E+16,2.78E+15,1.26E+16,1.02E+15,1.26E+17,1.02E+16,5.64E+20,1.34E+18,5.64E+21,1.34E+19,10,10,10,10,10,10,10,10,10,10,10,10,10,10,10,10,10,10,10,10,10,10,10,10,13,13,192,192,192,192
LOVE023G.wav,2,2,0,0,1,1666,239.4,-3.712,285.4,0.0002932,0.008059,-0.000118,0.03049,0.05875,3.546,2.64E-05,0.001046,-0.0001515,0.0006164,0.0006496,0.2345,-3.14E-06,2.06E-05,5.92E-05,0.001626,-3.87E-06,1.63E-05,0.02375,0.4312,0.02652,16,-7.93E-07,0.001321,9.62E-06,0.1177,-3.45E-06,0.0008902,0.5853,35.48,0.0002639,0.01046,-0.001514,0.006146,0.005963,2.312,-3.11E-05,0.0001998,0.0005833,0.01605,-3.87E-05,0.0001621,0.2358,4.271,-0.08867,26.43,1024000.02,0,0.6204,0.061,0.12093137,0.22710902,0.452984083,2.22699302,0.05447,0.04201,1666,34.51,0.6108,0.03237,0.05542,0.01647,21.3,2.682,0.0006863,0.0003577,0.1313,0.02356,0.001387,0.0004218,47.89,6.787,21.83,15.09,0.0007182,0.001403,0.1301,0.108,0.001367,0.001116,16650,345.1,6.108,0.3236,0.553,0.1645,212.4,26.58,0.006767,0.003566,1.308,0.2343,0.01384,0.004213,477.9,67.58,49.01,29.54,171,171,171,171,1,1,192,192,1,1,10,10,5,5,13,13,1,1,1,1,1,1,1,1,1,1,10,10,5,5,13,13,1,1,1,1,1,1,1,1,1,1,1,1,1,1,1,1,1,1,1,1,10,10,5,5,13,13,1,1,1,1,1,1,1,1,1,1,1,1,1,1,1,1,1,1,1,1,1,1,1,1,1,1,1,1,10,10,5,5,13,13,1,1,1,1,1,1,63,1,1,1,1,10,10,5,5,13,13,1,1,1,1,1,1,1,1,1,1,1,1,1,1,1,1,1,1,1,1,10,10,5,5,13,13,1,1,1,1,1,1,1,1,1,1,1,1,1,1,1,1,1,1,1,1,1,1,1,1,1,1,1,1,9.30E+20,1.77E+18,1.52E+16,4.45E+15,1.53E+16,2.12E+15,1.53E+17,2.12E+16,9.30E+20,1.34E+18,9.30E+21,1.34E+19,1.97E+17,6.61E+14,8.43E+16,2.46E+16,8.46E+16,1.17E+16,8.46E+17,1.17E+17,1.21E+22,7.42E+18,1.21E+23,7.42E+19,10,10,10,10,10,10,10,10,10,10,10,10,10,10,10,10,10,10,10,10,10,10,10,10,13,13,192,192,192,192
SADNESS003G.wav,2,2,1,0,0,1585,195.2,-2.396,267.4,0.0002347,0.009339,-0.00006874,0.0242,-0.06801,2.717,0.0005544,0.0003744,0.00002638,0.0003486,0.158,0.6138,0.000001163,0.000009669,0.0008806,0.004274,6.02E-07,0.00000796,0.2948,1.141,-0.2076,40.48,0.000000558,0.0008125,-0.0007011,0.2806,-1.22E-07,0.0005888,-0.6841,27.19,0.005544,0.003744,0.0002598,0.003464,1.58,6.134,0.00001154,0.00009231,0.00882,0.04285,0.000005886,0.00007912,2.947,11.41,-0.5,63.51,1024000.02,0,0.6224,0.04367,0.16209295,0.23042011,0.26504082,1.04596993,0.04467,0.02748,1594,14.71,0.6205,0.01927,0.04361,0.002521,60.12,13.08,0.0002722,0.0001074,0.4369,0.06769,0.0009737,0.00006283,133.9,23.1,61.24,51.91,0.0003232,0.0008,0.4344,0.3319,0.0009933,0.0006203,15940,147.2,6.205,0.1927,0.4354,0.02495,599.3,130.6,0.002645,0.001048,4.356,0.6776,0.009723,0.0006226,1337,230.7,135.8,93.54,171,171,171,171,1,1,192,192,1,1,10,10,5,5,13,13,1,1,1,1,1,1,1,1,1,1,10,10,5,5,13,13,1,1,1,1,1,1,1,1,1,1,1,1,1,1,1,1,1,1,1,1,10,10,5,5,13,13,1,1,1,1,1,1,1,1,1,1,1,1,1,1,1,1,1,1,1,1,1,1,1,1,1,1,1,1,10,10,5,5,13,13,1,1,1,1,1,1,65,1,1,1,1,10,10,5,5,13,13,1,1,1,1,1,1,1,1,1,1,1,1,1,1,1,1,1,1,1,1,10,10,5,5,13,13,1,1,1,1,1,1,1,1,1,1,1,1,1,1,1,1,1,1,1,1,1,1,1,1,1,1,1,1,3.34E+20,1.57E+18,1.77E+16,5.93E+15,1.77E+16,1.96E+15,1.77E+17,1.96E+16,3.34E+20,1.05E+18,3.34E+21,1.05E+19,6.35E+16,2.38E+14,8.04E+16,2.68E+16,8.04E+16,8.80E+15,8.04E+17,8.80E+16,3.23E+21,4.74E+18,3.23E+22,4.74E+19,10,10,10,10,10,10,10,10,10,10,10,10,10,10,10,10,10,10,10,10,10,10,10,10,13,13,192,192,192,192
CALMF016.wav,2,2,0,0,1,1600,179.7,0.01368,250.8,0.0000542,0.01003,-0.0000124,0.02163,0.05384,2.514,0.0001885,0.0004703,-0.00001721,0.0003931,0.05511,0.6621,-3.55E-07,0.00001139,0.0002968,0.004552,-4.63E-07,0.000008683,0.1121,1.185,0.01543,38.1,3.01E-08,0.0007693,0.00005008,0.3035,-8.16E-08,0.0005393,0.5388,25.15,0.001885,0.004703,-0.0001714,0.003906,0.5495,6.614,-0.000003215,0.0001071,0.002967,0.04564,-0.000004597,0.00008628,1.118,11.84,-0.05983,62.26,1024000.02,0,0.6558,0.03641,0.16149102,0.22319681,0.278399004,1.007659007,0.04629,0.02716,1600,15.64,0.6555,0.02068,0.04867,0.004763,58.63,10.86,0.0003348,0.0001038,0.4561,0.06938,0.00111,0.0001139,135.5,21.34,61.11,47.73,0.0003076,0.0008181,0.4711,0.322,0.001052,0.0006102,16000,156.5,6.555,0.2068,0.4859,0.04762,584.5,108.5,0.003252,0.000978,4.55,0.6942,0.01108,0.001138,1352,213,140.5,86.19,171,171,171,171,1,1,192,192,1,1,10,10,5,5,13,13,1,1,1,1,1,1,1,1,1,1,10,10,5,5,13,13,1,1,1,1,1,1,1,1,1,1,1,1,1,1,1,1,1,1,1,1,10,10,5,5,13,13,1,1,1,1,1,1,1,1,1,1,1,1,1,1,1,1,1,1,1,1,1,1,1,1,1,1,1,1,10,10,5,5,13,13,1,1,1,1,1,1,58,1,1,1,1,10,10,5,5,13,13,1,1,1,1,1,1,1,1,1,1,1,1,1,1,1,1,1,1,1,1,10,10,5,5,13,13,1,1,1,1,1,1,1,1,1,1,1,1,1,1,1,1,1,1,1,1,1,1,1,1,1,1,1,1,1.20E+19,2.65E+17,2.04E+15,4.63E+14,2.02E+15,2.14E+14,2.02E+16,2.14E+15,1.20E+19,2.04E+17,1.20E+20,2.04E+18,2.50E+15,4.16E+13,4.00E+16,8.91E+15,3.95E+16,4.02E+15,3.95E+17,4.02E+16,1.04E+21,4.00E+18,1.04E+22,4.00E+19,10,10,10,10,10,10,10,10,10,10,10,10,10,10,10,10,10,10,10,10,10,10,10,10,13,13,192,192,192,192
CALMF008.wav,2,1,1,0,0,1627,195.4,-3.364,253,7.25E-05,0.009419,-0.0001255,0.01377,0.1217,2.726,0.0001819,0.0005285,5.41E-06,0.0002322,0.1289,0.6749,1.61E-07,2.44E-06,0.0008575,0.004416,-1.76E-07,4.55E-06,0.2501,1.244,-0.4002,37.75,-9.16E-07,0.0001655,-0.002281,0.2582,-2.97E-06,0.0002724,1.213,27.29,0.001819,0.005284,5.40E-05,0.002315,1.292,6.748,1.60E-06,2.38E-05,0.0086,0.04426,-1.76E-06,4.54E-05,2.506,12.44,-0.6587,59.19,1024000.02,0,0.6115,0.03147,0.11441607,0.1594212,0.114532424,0.3605016,0.03191,0.01593,1626,16.9,0.6163,0.01329,0.03094,0.003697,67.03,12.05,0.0001126,3.01E-05,0.4778,0.06281,0.0006855,5.89E-05,145.1,23.94,72.19,49.75,0.0001168,0.0001704,0.503,0.3188,0.0007043,0.0003097,16250,169,6.162,0.1329,0.3091,0.03692,668.7,120.6,0.001114,0.0002981,4.767,0.6298,0.006849,0.0005883,1449,239.6,155.4,91.04,171,171,171,171,1,1,192,192,1,1,10,10,5,5,13,13,1,1,1,1,1,1,1,1,1,1,10,10,5,5,13,13,1,1,1,1,1,1,1,1,1,1,1,1,1,1,1,1,1,1,1,1,10,10,5,5,13,13,1,1,1,1,1,1,1,1,1,1,1,1,1,1,1,1,1,1,1,1,1,1,1,1,1,1,1,1,10,10,5,5,13,13,1,1,1,1,1,1,66,1,1,1,1,10,10,5,5,13,13,1,1,1,1,1,1,1,1,1,1,1,1,1,1,1,1,1,1,1,1,10,10,5,5,13,13,1,1,1,1,1,1,1,1,1,1,1,1,1,1,1,1,1,1,1,1,1,1,1,1,1,1,1,1,4.63E+19,5.04E+17,4.89E+15,1.33E+15,4.76E+15,4.13E+14,4.76E+16,4.13E+15,4.63E+19,3.59E+17,4.63E+20,3.59E+18,8.88E+15,7.74E+13,1.07E+17,2.90E+16,1.04E+17,8.93E+15,1.04E+18,8.93E+16,4.75E+21,7.86E+18,4.75E+22,7.86E+19,10,10,10,10,10,10,10,10,10,10,10,10,10,10,10,10,10,10,10,10,10,10,10,10,13,13,192,192,192,192
CALMF032.wav,2,2,1,0,0,1603,166,0.3765,229.2,-0.0002024,0.00785,-0.000004203,0.01672,0.03933,2.435,-0.0002251,0.0007893,0.000006694,0.0002813,0.1132,0.7018,7.81E-08,0.000005349,0.0004559,0.00342,3.55E-08,0.000006093,0.1918,1.186,-0.07422,35.35,8.48E-09,0.000386,-0.0008102,0.2047,2.22E-07,0.0003658,0.393,24.35,-0.002251,0.007893,0.00006613,0.002794,1.134,7.017,8.49E-07,0.00005027,0.004566,0.03427,3.48E-07,0.00006056,1.92,11.86,-0.1467,51.5,1024000.02,0,0.6462,0.05297,0.11869429,0.16646421,0.112123475,0.49397698,0.02816,0.01993,1608,19.48,0.6382,0.04029,0.02923,0.00457,85.84,18.95,0.0001546,0.00004567,0.5766,0.08225,0.0006141,0.000121,183.6,33.61,87.97,48.67,0.0001508,0.0003822,0.5837,0.2322,0.0005881,0.0004247,16080,194.9,6.382,0.4029,0.2917,0.04556,857.3,189.6,0.001504,0.0004365,5.761,0.8242,0.006128,0.001206,1835,336.3,187.3,82.24,171,171,171,171,1,1,192,192,1,1,10,10,5,5,13,13,1,1,1,1,1,1,1,1,1,1,10,10,5,5,13,13,1,1,1,1,1,1,1,1,1,1,1,1,1,1,1,1,1,1,1,1,10,10,5,5,13,13,1,1,1,1,1,1,1,1,1,1,1,1,1,1,1,1,1,1,1,1,1,1,1,1,1,1,1,1,10,10,5,5,13,13,1,1,1,1,1,1,72,1,1,1,1,10,10,5,5,13,13,1,1,1,1,1,1,1,1,1,1,1,1,1,1,1,1,1,1,1,1,10,10,5,5,13,13,1,1,1,1,1,1,1,1,1,1,1,1,1,1,1,1,1,1,1,1,1,1,1,1,1,1,1,1,1.60E+19,4.58E+17,2.76E+15,4.90E+14,2.72E+15,2.43E+14,2.72E+16,2.43E+15,1.60E+19,3.77E+17,1.60E+20,3.77E+18,3.17E+15,6.20E+13,4.65E+16,8.01E+15,4.59E+16,3.85E+15,4.59E+17,3.85E+16,1.11E+21,6.36E+18,1.11E+22,6.36E+19,10,10,10,10,10,10,10,10,10,10,10,10,10,10,10,10,10,10,10,10,10,10,10,10,13,13,192,192,192,192
LOVE050G.wav,1,1,1,0,0,1694,193.1,-0.6789,242.6,0.00009409,0.007455,0.00001376,0.007922,0.03617,2.859,-0.000003101,0.0003394,0.000006137,0.0001828,0.04424,0.5286,5.36E-08,9.28E-07,0.0003237,0.003856,8.91E-08,0.000004747,0.09317,0.9957,-0.1533,27.33,2.61E-08,0.00006686,-0.0009592,0.2383,3.65E-07,0.0002161,0.3612,28.6,-0.000031,0.003394,0.00006134,0.001826,0.4436,5.255,5.22E-07,0.00000908,0.003248,0.03844,8.94E-07,0.00004743,0.9331,9.92,-0.2313,44.65,1024000.02,0,0.5686,0.0264,0.042750854,0.07361594,0.048332466,0.165553792,0.01886,0.01219,1696,50.64,0.566,0.01902,0.0197,0.002226,28.71,20.9,0.00003424,0.0000154,0.1916,0.1412,0.0004934,0.0000514,67.92,40.8,30.86,41.34,0.000033,0.00006812,0.2048,0.2935,0.000472,0.0003154,16960,506.5,5.66,0.1902,0.1967,0.02225,285.6,208.5,0.0003375,0.0001512,1.901,1.412,0.004924,0.0005139,676.7,407.3,71.79,78.63,171,171,171,171,1,1,192,192,1,1,10,10,5,5,13,13,1,1,1,1,1,1,1,1,1,1,10,10,5,5,13,13,1,1,1,1,1,1,1,1,1,1,1,1,1,1,1,1,1,1,1,1,10,10,5,5,13,13,1,1,1,1,1,1,1,1,1,1,1,1,1,1,1,1,1,1,1,1,1,1,1,1,1,1,1,1,10,10,5,5,13,13,1,1,1,1,1,1,74,1,1,1,1,10,10,5,5,13,13,1,1,1,1,1,1,1,1,1,1,1,1,1,1,1,1,1,1,1,1,10,10,5,5,13,13,1,1,1,1,1,1,1,1,1,1,1,1,1,1,1,1,1,1,1,1,1,1,1,1,1,1,1,1,2.91E+20,2.25E+18,9.93E+15,5.49E+15,9.80E+15,3.34E+15,9.80E+16,3.34E+16,2.91E+20,1.91E+18,2.91E+21,1.91E+19,5.59E+16,6.00E+14,4.73E+16,2.61E+16,4.67E+16,1.58E+16,4.67E+17,1.58E+17,3.02E+21,9.12E+18,3.02E+22,9.12E+19,10,10,10,10,10,10,10,10,10,10,10,10,10,10,10,10,10,10,10,10,10,10,10,10,13,13,192,192,192,192
LOVE018G.wav,2,1,1,0,0,1694,183.1,-4.555,239.5,0.0006884,0.009375,-0.0001051,0.01799,-0.06085,2.557,-0.0003842,0.001039,-0.00003557,0.0004415,-0.1044,0.5216,-1.10E-07,0.000006518,-0.0009645,0.003605,-0.000000565,0.00001133,-0.2146,0.963,0.1198,30.86,1.27E-07,0.0004048,0.0008125,0.2096,-0.000002448,0.0004816,-0.6132,25.61,-0.003843,0.01039,-0.0003571,0.004407,-1.048,5.188,-0.000001119,0.00006233,-0.009677,0.03595,-0.0000057,0.0001131,-2.155,9.587,-0.384,50.6,1024000.02,0,0.5876,0.0669,0.13599254,0.20729987,0.273986078,0.91840508,0.04607,0.02781,1702,11.87,0.5953,0.04367,0.05165,0.01035,56.27,16.21,0.0002228,0.00007261,0.3506,0.1249,0.001241,0.0002922,119.7,31.98,60.03,42.51,0.0001895,0.0004049,0.39,0.2921,0.001095,0.0006989,17020,118.8,5.953,0.4368,0.5158,0.1036,561.6,161.8,0.002187,0.0007047,3.498,1.247,0.01239,0.002923,1195,319.4,126.9,78.06,171,171,171,171,1,1,192,192,1,1,10,10,5,5,13,13,1,1,1,1,1,1,1,1,1,1,10,10,5,5,13,13,1,1,1,1,1,1,1,1,1,1,1,1,1,1,1,1,1,1,1,1,10,10,5,5,13,13,1,1,1,1,1,1,1,1,1,1,1,1,1,1,1,1,1,1,1,1,1,1,1,1,1,1,1,1,10,10,5,5,13,13,1,1,1,1,1,1,63,1,1,1,1,10,10,5,5,13,13,1,1,1,1,1,1,1,1,1,1,1,1,1,1,1,1,1,1,1,1,10,10,5,5,13,13,1,1,1,1,1,1,1,1,1,1,1,1,1,1,1,1,1,1,1,1,1,1,1,1,1,1,1,1,2.46E+20,1.37E+18,1.35E+16,4.38E+15,1.28E+16,2.43E+15,1.28E+17,2.43E+16,2.46E+20,9.88E+17,2.46E+21,9.88E+18,4.62E+16,2.32E+14,6.85E+16,2.23E+16,6.47E+16,1.24E+16,6.47E+17,1.24E+17,2.80E+21,5.01E+18,2.80E+22,5.01E+19,10,10,10,10,10,10,10,10,10,10,10,10,10,10,10,10,10,10,10,10,10,10,10,10,13,13,192,192,192,192
SADNESS019G.wav,2,1,0,1,0,1686,222.3,-3.702,246.6,0.0002494,0.008027,-2.24E-05,0.007476,-0.4994,2.921,0.0001745,0.000614,-4.55E-06,0.0001285,0.01004,0.4446,-1.29E-08,6.78E-07,7.23E-05,0.003972,-1.64E-07,3.61E-06,0.04369,0.8382,0.203,25.7,1.07E-07,5.71E-05,0.001477,0.2439,-5.54E-07,0.0002232,-4.994,29.23,0.001745,0.00614,-4.58E-05,0.001279,0.1022,4.425,-1.24E-07,6.60E-06,0.000727,0.0397,-1.65E-06,3.59E-05,0.4414,8.359,-0.136,43.73,1024000.02,0,0.6289,0.04347,0.05244865,0.0713674,0.043719634,0.14547858,0.01908,0.009361,1698,66.16,0.6244,0.01082,0.01892,0.00212,36.34,7.697,2.97E-05,5.01E-06,0.2666,0.06731,0.0004626,6.22E-05,87.13,14.15,35.16,29.92,3.15E-05,5.17E-05,0.2497,0.2611,0.0004661,0.0002589,16980,661.4,6.244,0.1082,0.189,0.02116,362.3,76.78,0.0002931,4.96E-05,2.653,0.6735,0.004619,0.000621,869.6,141.3,85.01,56.62,171,171,171,171,1,1,192,192,1,1,10,10,5,5,13,13,1,1,1,1,1,1,1,1,1,1,10,10,5,5,13,13,1,1,1,1,1,1,1,1,1,1,1,1,1,1,1,1,1,1,1,1,10,10,5,5,13,13,1,1,1,1,1,1,1,1,1,1,1,1,1,1,1,1,1,1,1,1,1,1,1,1,1,1,1,1,10,10,5,5,13,13,1,1,1,1,1,1,63,1,1,1,1,10,10,5,5,13,13,1,1,1,1,1,1,1,1,1,1,1,1,1,1,1,1,1,1,1,1,10,10,5,5,13,13,1,1,1,1,1,1,1,1,1,1,1,1,1,1,1,1,1,1,1,1,1,1,1,1,1,1,1,1,1.80E+21,5.89E+18,4.10E+16,1.39E+16,4.17E+16,5.85E+15,4.17E+17,5.85E+16,1.80E+21,4.70E+18,1.80E+22,4.70E+19,3.61E+17,1.23E+15,1.79E+17,6.05E+16,1.82E+17,2.54E+16,1.82E+18,2.54E+17,1.63E+22,2.05E+19,1.63E+23,2.05E+20,10,10,10,10,10,10,10,10,10,10,10,10,10,10,10,10,10,10,10,10,10,10,10,10,13,13,192,192,192,192
SADNESS015G.wav,2,1,0,1,0,1736,204.5,-4.608,238.6,0.00003623,0.009477,-0.00003025,0.006068,0.1881,2.58,0.0004073,0.0006578,-0.00002419,0.0001324,0.2012,0.7497,-9.43E-08,6.59E-07,0.001364,0.004387,-6.15E-07,0.000003007,0.3828,1.236,0.3059,28.61,2.05E-08,0.00004444,0.002042,0.2085,-8.80E-07,0.0001416,1.877,25.83,0.004074,0.006579,-0.0002417,0.001321,2.013,7.497,-9.33E-07,0.000006408,0.01365,0.04398,-0.000006153,0.00003001,3.828,12.36,-0.1733,49.8,1024000.02,0,0.634,0.04932,0.05609427,0.08247281,0.033560785,0.121391378,0.01614,0.00944,1742,29.08,0.6398,0.02927,0.01538,0.002987,90.5,25.55,0.0000239,0.00000798,0.6249,0.183,0.0003534,0.00007126,183,45.16,90.15,53.7,0.0000265,0.00004852,0.609,0.3382,0.0003697,0.0002197,17420,290.8,6.398,0.2928,0.1536,0.02985,903.8,255.7,0.0002351,0.00007901,6.242,1.833,0.003529,0.0007123,1829,451.8,182.2,94.96,171,171,171,171,1,1,192,192,1,1,10,10,5,5,13,13,1,1,1,1,1,1,1,1,1,1,10,10,5,5,13,13,1,1,1,1,1,1,1,1,1,1,1,1,1,1,1,1,1,1,1,1,10,10,5,5,13,13,1,1,1,1,1,1,1,1,1,1,1,1,1,1,1,1,1,1,1,1,1,1,1,1,1,1,1,1,10,10,5,5,13,13,1,1,1,1,1,1,66,1,1,1,1,10,10,5,5,13,13,1,1,1,1,1,1,1,1,1,1,1,1,1,1,1,1,1,1,1,1,10,10,5,5,13,13,1,1,1,1,1,1,1,1,1,1,1,1,1,1,1,1,1,1,1,1,1,1,1,1,1,1,1,1,3.80E+20,2.62E+18,2.42E+16,5.75E+15,2.44E+16,3.56E+15,2.44E+17,3.56E+16,3.80E+20,1.96E+18,3.80E+21,1.96E+19,7.12E+16,3.10E+14,1.05E+17,2.48E+16,1.06E+17,1.53E+16,1.06E+18,1.53E+17,3.43E+21,8.50E+18,3.43E+22,8.50E+19,10,10,10,10,10,10,10,10,10,10,10,10,10,10,10,10,10,10,10,10,10,10,10,10,13,13,192,192,192,192
SADNESSF016.wav,2,1,1,0,0,1584,190.4,-5.612,236.5,0.0001648,0.007758,-3.10E-05,0.01164,0.2019,2.729,0.0007831,0.001055,3.69E-05,0.0001994,-0.01026,0.6554,2.54E-07,2.22E-06,2.66E-05,0.003964,7.73E-07,4.43E-06,-0.04368,1.237,-0.3405,34.15,-5.92E-07,0.0001679,-0.001877,0.2149,-5.87E-07,0.0002535,2.014,27.31,0.007833,0.01054,0.0003689,0.00199,-0.1039,6.555,2.48E-06,2.14E-05,0.0002594,0.03972,7.73E-06,4.43E-05,-0.4381,12.37,-0.9395,53.77,1024000.02,0,0.6016,0.06709,0.08297592,0.12063001,0.05956675,0.210026336,0.02085,0.01339,1600,23.22,0.5757,0.02655,0.02323,0.003634,74.27,9.907,9.01E-05,2.77E-05,0.4716,0.05583,0.0005011,8.44E-05,154.8,20.19,76.88,41.7,8.16E-05,0.0001739,0.49,0.2551,0.0004457,0.0002838,16000,232.2,5.757,0.2655,0.232,0.0364,741.6,99.1,0.0008865,0.0002684,4.709,0.5594,0.005003,0.0008453,1547,202,161.1,76.63,171,171,171,171,1,1,192,192,1,1,10,10,5,5,13,13,1,1,1,1,1,1,1,1,1,1,10,10,5,5,13,13,1,1,1,1,1,1,1,1,1,1,1,1,1,1,1,1,1,1,1,1,10,10,5,5,13,13,1,1,1,1,1,1,1,1,1,1,1,1,1,1,1,1,1,1,1,1,1,1,1,1,1,1,1,1,10,10,5,5,13,13,1,1,1,1,1,1,60,1,1,1,1,10,10,5,5,13,13,1,1,1,1,1,1,1,1,1,1,1,1,1,1,1,1,1,1,1,1,10,10,5,5,13,13,1,1,1,1,1,1,1,1,1,1,1,1,1,1,1,1,1,1,1,1,1,1,1,1,1,1,1,1,2.30E+21,5.39E+18,6.87E+16,1.12E+16,6.82E+16,3.39E+15,6.82E+17,3.39E+16,2.30E+21,3.40E+18,2.30E+22,3.40E+19,4.43E+17,7.81E+14,2.75E+17,4.48E+16,2.73E+17,1.35E+16,2.73E+18,1.35E+17,1.84E+22,1.36E+19,1.84E+23,1.36E+20,10,10,10,10,10,10,10,10,10,10,10,10,10,10,10,10,10,10,10,10,10,10,10,10,13,13,192,192,192,192
SADNESSF001.wav,2,1,1,0,0,1640,197.6,-6.885,242.1,0.0002649,0.008161,-5.83E-05,0.009283,0.2421,2.746,0.0003077,0.0004858,2.35E-05,0.0001601,-0.2363,0.6458,2.13E-08,1.32E-06,-0.001408,0.004015,8.35E-07,4.08E-06,-0.423,1.135,-0.2432,37.08,-1.51E-08,7.72E-05,-0.003156,0.2145,-1.46E-06,0.0002389,2.416,27.51,0.003078,0.00486,0.0002337,0.001595,-2.363,6.454,2.11E-07,1.28E-05,-0.0141,0.04021,8.30E-06,4.06E-05,-4.23,11.35,-0.576,55.66,1024000.02,0,0.6336,0.03488,0.060225988,0.088727999,0.04557775,0.151993595,0.01831,0.01161,1647,16.36,0.6469,0.005195,0.01819,0.00158,58.96,11.21,4.97E-05,9.28E-06,0.3853,0.06984,0.0004199,4.99E-05,125.5,19.48,63.4,51.45,4.69E-05,7.85E-05,0.406,0.3125,0.0004209,0.0002984,16470,163.6,6.469,0.05197,0.1816,0.01572,587.7,112.1,0.0004889,9.11E-05,3.841,0.6995,0.00419,0.0004959,1253,194.9,132.5,91.17,1,1,1,1,1,1,192,192,1,1,10,10,5,5,13,13,1,1,1,1,1,1,1,1,1,1,10,10,5,5,13,13,1,1,1,1,1,1,1,1,1,1,1,1,1,1,1,1,1,1,1,1,10,10,5,5,13,13,1,1,1,1,1,1,1,1,1,1,1,1,1,1,1,1,1,1,1,1,1,1,1,1,1,1,1,1,10,10,5,5,13,13,1,1,1,1,1,1,59,1,1,1,1,10,10,5,5,13,13,1,1,1,1,1,1,1,1,1,1,1,1,1,1,1,1,1,1,1,1,10,10,5,5,13,13,1,1,1,1,1,1,1,1,1,1,1,1,1,1,1,1,1,1,1,1,1,1,1,1,1,1,1,1,1.90E+21,3.60E+18,5.31E+16,1.77E+16,5.14E+16,3.86E+15,5.14E+17,3.86E+16,1.90E+21,2.14E+18,1.90E+22,2.14E+19,3.81E+17,6.26E+14,2.27E+17,7.58E+16,2.20E+17,1.66E+16,2.20E+18,1.66E+17,1.68E+22,9.16E+18,1.68E+23,9.16E+19,10,10,10,10,10,10,10,10,10,10,10,10,10,10,10,10,10,10,10,10,10,10,10,10,13,13,192,192,192,192
SADNESS023G.wav,2,1,1,0,0,1614,171.6,0.2778,236.2,0.0002227,0.01022,-1.26E-06,0.006468,0.02944,2.488,0.0001554,0.0008335,7.82E-06,0.0001047,-0.0876,0.6173,2.88E-08,1.03E-06,-0.0004834,0.004728,2.36E-07,2.19E-06,-0.1654,1.153,0.001788,32.41,-1.84E-09,6.94E-05,0,0.2755,-3.52E-08,0.0001518,0.2945,24.89,0.001555,0.008335,7.81E-05,0.001039,-0.8764,6.161,2.75E-07,9.77E-06,-0.00485,0.04738,2.36E-06,2.18E-05,-1.654,11.52,0,53.55,1024000.02,0,0.6466,0.05116,0.05557159,0.07078778,0.032071321,0.09724066,0.01693,0.007526,1621,30.07,0.6483,0.03016,0.01704,0.00123,48.81,14.62,3.01E-05,9.09E-06,0.3594,0.09622,0.000391,2.91E-05,114.5,26.43,49.67,49.33,2.81E-05,6.99E-05,0.357,0.3504,0.0003893,0.0001607,16210,300.9,6.483,0.3016,0.1702,0.01226,486.1,146,0.0002925,8.64E-05,3.578,0.9638,0.003907,0.000291,1142,264,114.8,91.62,171,171,171,171,1,1,192,192,1,1,10,10,5,5,13,13,1,1,1,1,1,1,1,1,1,1,10,10,5,5,13,13,1,1,1,1,1,1,1,1,1,1,1,1,1,1,1,1,1,1,1,1,10,10,5,5,13,13,1,1,1,1,1,1,1,1,1,1,1,1,1,1,1,1,1,1,1,1,1,1,1,1,1,1,1,1,10,10,5,5,13,13,1,1,1,1,1,1,68,1,1,1,1,10,10,5,5,13,13,1,1,1,1,1,1,1,1,1,1,1,1,1,1,1,1,1,1,1,1,10,10,5,5,13,13,1,1,1,1,1,1,1,1,1,1,1,1,1,1,1,1,1,1,1,1,1,1,1,1,1,1,1,1,1.86E+21,8.18E+18,4.90E+16,2.06E+16,4.92E+16,7.00E+15,4.92E+17,7.00E+16,1.86E+21,6.67E+18,1.86E+22,6.67E+19,3.75E+17,1.50E+15,2.11E+17,8.89E+16,2.12E+17,3.03E+16,2.12E+18,3.03E+17,1.66E+22,2.87E+19,1.66E+23,2.87E+20,10,10,10,10,10,10,10,10,10,10,10,10,10,10,10,10,10,10,10,10,10,10,10,10,13,13,192,192,192,192
CHEERFUL026G.wav,2,1,1,0,0,1556,204,-3.768,272.2,0.0001087,0.006522,-0.000146,0.05842,0.06129,2.929,0.0001311,0.0005742,3.13E-05,0.0008678,0.01134,0.2274,4.56E-06,4.46E-05,3.62E-05,0.001899,8.85E-07,2.39E-05,0.005435,0.4891,0.2572,19.87,-8.71E-07,0.003363,0.001854,0.1554,-3.44E-06,0.001779,0.611,29.32,0.001311,0.005742,0.0003071,0.008658,0.1143,2.217,4.43E-05,0.0004388,0.0003685,0.01858,8.66E-06,0.000238,0.05588,4.817,-0.056,33,1024000.02,0,0.6173,0.03223,0.135326135,0.221725012,1.02658491,4.593943857,0.08382,0.06105,1556,19.39,0.6313,0.015,0.0844,0.00568,15.38,1.4,0.001722,0.0004167,0.09122,0.00937,0.00217,0.0001435,36.08,2.939,15.23,17.04,0.001754,0.003207,0.09026,0.1334,0.002152,0.001689,15550,194,6.313,0.15,0.8419,0.05649,153.1,13.93,0.01698,0.004088,0.9031,0.0923,0.02164,0.001426,359.3,29.08,35.52,34.43,171,171,171,171,1,1,192,192,1,1,10,10,5,5,13,13,1,1,1,1,1,1,1,1,1,1,10,10,5,5,13,13,1,1,1,1,1,1,1,1,1,1,1,1,1,1,1,1,1,1,1,1,10,10,5,5,13,13,1,1,1,1,1,1,1,1,1,1,1,1,1,1,1,1,1,1,1,1,1,1,1,1,1,1,1,1,10,10,5,5,13,13,1,1,1,1,1,1,58,1,1,1,1,10,10,5,5,13,13,1,1,1,1,1,1,1,1,1,1,1,1,1,1,1,1,1,1,1,1,10,10,5,5,13,13,1,1,1,1,1,1,1,1,1,1,1,1,1,1,1,1,1,1,1,1,1,1,1,1,1,1,1,1,1.87E+20,3.99E+17,3.87E+15,1.71E+15,3.76E+15,2.30E+14,3.76E+16,2.30E+15,1.87E+20,2.89E+17,1.87E+21,2.89E+18,3.29E+16,1.85E+14,4.25E+16,1.88E+16,4.12E+16,2.52E+15,4.12E+17,2.52E+16,6.79E+21,3.17E+18,6.79E+22,3.17E+19,10,10,10,10,10,10,10,10,10,10,10,10,10,10,10,10,10,10,10,10,10,10,10,10,13,13,192,192,192,192
SADNESS006G.wav,2,1,1,0,0,1682,202.6,-2.716,243.4,0.00005917,0.007267,0.000007033,0.01173,0.05824,2.954,0.00009079,0.0005655,-0.00001888,0.0002936,-0.02733,0.6248,-2.65E-07,0.000002368,-0.0001501,0.004063,-4.18E-07,0.00000786,-0.05636,1.163,-0.04096,30.5,5.11E-09,0.0001805,-0.001108,0.2132,1.77E-07,0.0003141,0.5816,29.56,0.0009084,0.005654,-0.0001891,0.002933,-0.2721,6.223,-0.000002559,0.00002318,-0.001496,0.04059,-0.000004192,0.00007851,-0.5619,11.6,-0.1327,51.55,1024000.02,0,0.5805,0.0353,0.0908202,0.15235944,0.162036888,0.569408688,0.03553,0.02013,1685,54,0.5737,0.01616,0.03706,0.006333,48.07,14.71,0.0001033,0.00003321,0.3095,0.09385,0.0009184,0.0001713,103.6,28.49,48.48,39.92,0.0001028,0.0001842,0.3153,0.2661,0.0008782,0.0005287,16850,540.2,5.737,0.1617,0.3702,0.06332,479.4,146.6,0.001023,0.0003299,3.085,0.9373,0.009171,0.001713,1034,284.1,104.7,73.96,171,171,171,171,1,1,192,192,1,1,10,10,5,5,13,13,1,1,1,1,1,1,1,1,1,1,10,10,5,5,13,13,1,1,1,1,1,1,1,1,1,1,1,1,1,1,1,1,1,1,1,1,10,10,5,5,13,13,1,1,1,1,1,1,1,1,1,1,1,1,1,1,1,1,1,1,1,1,1,1,1,1,1,1,1,1,10,10,5,5,13,13,1,1,1,1,1,1,63,1,1,1,1,10,10,5,5,13,13,1,1,1,1,1,1,1,1,1,1,1,1,1,1,1,1,1,1,1,1,10,10,5,5,13,13,1,1,1,1,1,1,1,1,1,1,1,1,1,1,1,1,1,1,1,1,1,1,1,1,1,1,1,1,3.58E+20,1.95E+18,1.56E+16,5.88E+15,1.53E+16,2.97E+15,1.53E+17,2.97E+16,3.58E+20,1.55E+18,3.58E+21,1.55E+19,6.74E+16,3.49E+14,6.88E+16,2.60E+16,6.75E+16,1.31E+16,6.75E+17,1.31E+17,3.33E+21,6.86E+18,3.33E+22,6.86E+19,10,10,10,10,10,10,10,10,10,10,10,10,10,10,10,10,10,10,10,10,10,10,10,10,13,13,192,192,192,192
SADNESS001G.wav,2,1,1,0,0,1619,142.6,0.7035,197.4,0.00002198,0.00825,-0.0000433,0.01475,-0.05695,1.949,0.0001907,0.0008489,-0.00003704,0.0002523,0.09161,0.5957,0.000000156,0.000003905,0.0006425,0.004231,-0.000001134,0.000006419,0.1901,1.093,0.1434,30.96,-1.28E-08,0.0003147,0.001311,0.2394,-0.000001219,0.0004037,-0.5698,19.49,0.001907,0.008489,-0.0003707,0.002515,0.9158,5.944,0.000001543,0.00003762,0.006442,0.04234,-0.00001134,0.00006403,1.9,10.92,0.2942,50.54,1024000.02,0,0.5895,0.04617,0.1320976,0.1767667,0.19611353,0.6978574,0.04051,0.01953,1628,21.21,0.5841,0.0276,0.03967,0.00433,55.99,20.62,0.0001458,0.00004325,0.3862,0.1514,0.0009345,0.0001287,122.3,42.62,55.98,43.85,0.0001576,0.0003085,0.3923,0.3235,0.0009502,0.0004989,16280,212.2,5.841,0.276,0.3963,0.04329,558.5,206.1,0.001434,0.0004219,3.85,1.516,0.009334,0.001286,1221,426,121.5,81.5,171,171,171,171,1,1,192,192,1,1,10,10,5,5,13,13,1,1,1,1,1,1,1,1,1,1,10,10,5,5,13,13,1,1,1,1,1,1,1,1,1,1,1,1,1,1,1,1,1,1,1,1,10,10,5,5,13,13,1,1,1,1,1,1,1,1,1,1,1,1,1,1,1,1,1,1,1,1,1,1,1,1,1,1,1,1,10,10,5,5,13,13,1,1,1,1,1,1,71,1,1,1,1,10,10,5,5,13,13,1,1,1,1,1,1,1,1,1,1,1,1,1,1,1,1,1,1,1,1,10,10,5,5,13,13,1,1,1,1,1,1,1,1,1,1,1,1,1,1,1,1,1,1,1,1,1,1,1,1,1,1,1,1,3.27E+20,2.70E+18,1.74E+16,4.07E+15,1.72E+16,2.49E+15,1.72E+17,2.49E+16,3.27E+20,2.19E+18,3.27E+21,2.19E+19,6.23E+16,4.22E+14,7.93E+16,1.85E+16,7.84E+16,1.12E+16,7.84E+17,1.12E+17,3.19E+21,1.00E+19,3.19E+22,1.00E+20,10,10,10,10,10,10,10,10,10,10,10,10,10,10,10,10,10,10,10,10,10,10,10,10,13,13,192,192,192,192
SADNESSF011.wav,2,1,1,0,0,1615,152.1,0.6075,207.5,0.0001626,0.00766,0.00001747,0.01092,0.02812,2.177,-0.0002067,0.0008744,-0.00002078,0.0001857,-0.07032,0.5713,-1.36E-07,0.000004207,-0.0001947,0.002869,-0.000000464,0.000003687,-0.1255,0.9892,0.2198,29.06,3.97E-08,0.0002696,0.001619,0.147,3.64E-07,0.0002322,0.2819,21.77,-0.002067,0.008743,-0.0002072,0.001831,-0.703,5.715,-0.000001351,0.00003585,-0.001941,0.02873,-0.000004624,0.00003652,-1.254,9.894,0.2735,45.23,1024000.02,0,0.6649,0.04941,0.07618703,0.11578103,0.048727158,0.2441959,0.01841,0.01268,1618,11.83,0.676,0.02498,0.01911,0.002849,101.2,11.52,0.00007794,0.00003811,0.6114,0.06649,0.0004077,0.00005628,203.4,20.63,102.2,41.98,0.00007088,0.0002642,0.6102,0.2131,0.0003946,0.0002582,16180,118.3,6.76,0.2498,0.1907,0.0284,1011,115.2,0.0007425,0.0003392,6.11,0.6653,0.004069,0.0005616,2033,206.3,205.5,73.41,171,171,171,171,1,1,192,192,1,1,10,10,5,5,13,13,1,1,1,1,1,1,1,1,1,1,10,10,5,5,13,13,1,1,1,1,1,1,1,1,1,1,1,1,1,1,1,1,1,1,1,1,10,10,5,5,13,13,1,1,1,1,1,1,1,1,1,1,1,1,1,1,1,1,1,1,1,1,1,1,1,1,1,1,1,1,10,10,5,5,13,13,1,1,1,1,1,1,63,1,1,1,1,10,10,5,5,13,13,1,1,1,1,1,1,1,1,1,1,1,1,1,1,1,1,1,1,1,1,10,10,5,5,13,13,1,1,1,1,1,1,1,1,1,1,1,1,1,1,1,1,1,1,1,1,1,1,1,1,1,1,1,1,4.49E+20,3.40E+18,2.60E+16,4.14E+15,2.56E+16,1.67E+15,2.56E+17,1.67E+16,4.49E+20,2.64E+18,4.49E+21,2.64E+19,8.24E+16,4.28E+14,1.06E+17,1.70E+16,1.05E+17,6.99E+15,1.05E+18,6.99E+16,3.72E+21,1.08E+19,3.72E+22,1.08E+20,10,10,10,10,10,10,10,10,10,10,10,10,10,10,10,10,10,10,10,10,10,10,10,10,13,13,192,192,192,192
LOVE024G.wav,2,1,1,0,0,1722,215.7,-0.2647,261.2,-0.00004098,0.007453,-0.00005262,0.05242,-0.01051,2.956,-0.0003917,0.001118,-0.000003535,0.0007557,-0.0007491,0.104,-8.01E-07,0.00003003,-0.000006084,0.0008324,-1.89E-07,0.00002157,-0.002131,0.2586,-0.0109,9.199,-1.48E-08,0.002284,-0.00005694,0.08171,-0.000001389,0.001591,-0.1063,29.56,-0.003917,0.01118,-0.00003476,0.007535,-0.008087,1.029,-0.000007746,0.0002951,-0.00006915,0.008127,-0.000001863,0.0002147,-0.02262,2.562,-0.02915,20.25,1024000.02,0,0.6168,0.05889,0.096694749,0.156002766,0.731510794,2.768996542,0.06609,0.05606,1714,17,0.5914,0.03145,0.06768,0.007185,15.2,0.7709,0.001028,0.0002924,0.07254,0.00272,0.001768,0.0002074,35.08,1.916,14.99,7.878,0.0009827,0.00196,0.07208,0.05918,0.001723,0.001562,17140,170.1,5.914,0.3145,0.6746,0.07183,151.8,7.772,0.01009,0.002878,0.723,0.02718,0.01761,0.002069,350.3,19.26,34.58,18.43,171,171,171,171,1,1,192,192,1,1,10,10,5,5,13,13,1,1,1,1,1,1,1,1,1,1,10,10,5,5,13,13,1,1,1,1,1,1,1,1,1,1,1,1,1,1,1,1,1,1,1,1,10,10,5,5,13,13,1,1,1,1,1,1,1,1,1,1,1,1,1,1,1,1,1,1,1,1,1,1,1,1,1,1,1,1,10,10,5,5,13,13,1,1,1,1,1,1,39,1,1,1,1,10,10,5,5,13,13,1,1,1,1,1,1,1,1,1,1,1,1,1,1,1,1,1,1,1,1,10,10,5,5,13,13,1,1,1,1,1,1,1,1,1,1,1,1,1,1,1,1,1,1,1,1,1,1,1,1,1,1,1,1,2.49E+20,4.74E+17,4.80E+15,1.07E+15,4.86E+15,3.49E+14,4.86E+16,3.49E+15,2.49E+20,3.39E+17,2.49E+21,3.39E+18,4.70E+16,2.15E+14,2.42E+16,5.38E+15,2.45E+16,1.76E+15,2.45E+17,1.76E+16,2.82E+21,1.71E+18,2.82E+22,1.71E+19,10,10,10,10,10,10,10,10,10,10,10,10,10,10,10,10,10,10,10,10,10,10,10,10,13,13,192,192,192,192
SADNESSF012.wav,2,1,1,0,0,1620,173.1,-1.795,216.6,0.0001611,0.008503,-1.45E-05,0.01083,-0.04152,2.336,9.51E-05,0.0006871,2.74E-06,0.0002119,0.02408,0.758,1.11E-07,2.23E-06,4.33E-05,0.004275,6.71E-08,4.79E-06,0.03369,1.402,-0.02049,33.41,5.05E-08,0.0001508,-0.0004872,0.2148,-7.21E-07,0.0002557,-0.416,23.37,0.0009506,0.006871,2.67E-05,0.002104,0.2398,7.579,1.07E-06,2.16E-05,0.0004315,0.04282,6.57E-07,4.76E-05,0.3354,14.02,-0.1413,53.61,1024000.02,0,0.6543,0.05394,0.06307331,0.11688969,0.053342514,0.28534274,0.01847,0.0148,1623,59.08,0.6589,0.04416,0.01795,0.003496,66.51,34.79,5.65E-05,3.06E-05,0.4135,0.1592,0.000414,8.32E-05,141.3,64.19,67.86,56.67,6.05E-05,0.0001635,0.4258,0.3177,0.0004207,0.0003326,16230,591,6.589,0.4416,0.179,0.03488,663.5,348,0.0005492,0.000294,4.125,1.595,0.004127,0.0008302,1411,641.9,144,104.6,171,171,171,171,1,1,192,192,1,1,10,10,5,5,13,13,1,1,1,1,1,1,1,1,1,1,10,10,5,5,13,13,1,1,1,1,1,1,1,1,1,1,1,1,1,1,1,1,1,1,1,1,10,10,5,5,13,13,1,1,1,1,1,1,1,1,1,1,1,1,1,1,1,1,1,1,1,1,1,1,1,1,1,1,1,1,10,10,5,5,13,13,1,1,1,1,1,1,67,1,1,1,1,10,10,5,5,13,13,1,1,1,1,1,1,1,1,1,1,1,1,1,1,1,1,1,1,1,1,10,10,5,5,13,13,1,1,1,1,1,1,1,1,1,1,1,1,1,1,1,1,1,1,1,1,1,1,1,1,1,1,1,1,2.21E+21,1.54E+19,6.22E+16,2.32E+16,6.14E+16,1.70E+16,6.14E+17,1.70E+17,2.21E+21,1.35E+19,2.21E+22,1.35E+20,4.29E+17,2.51E+15,2.52E+17,9.39E+16,2.49E+17,6.86E+16,2.49E+18,6.86E+17,1.81E+22,5.48E+19,1.81E+23,5.48E+20,10,10,10,10,10,10,10,10,10,10,10,10,10,10,10,10,10,10,10,10,10,10,10,10,13,13,192,192,192,192
SADNESSF006.wav,2,1,1,0,0,1612,175.5,0.1835,242.6,0.0001841,0.008914,0.000002479,0.01522,0.02894,2.536,0.0001265,0.0008818,0.00002085,0.0003091,-0.004201,0.6226,2.30E-07,0.000004091,-0.00001029,0.004195,0.000000461,0.000007576,-0.006433,1.108,0.02166,35.14,4.84E-10,0.0003052,0.0001049,0.2536,6.42E-08,0.0003853,0.2898,25.37,0.001265,0.008818,0.0002071,0.003064,-0.04222,6.223,0.000002244,0.00003936,-0.0001053,0.04204,0.000004571,0.00007488,-0.06499,11.07,0.01756,53.7,1024000.02,0,0.6243,0.06023,0.099372774,0.161444802,0.129539392,0.685985871,0.02847,0.02259,1613,24.36,0.6314,0.03824,0.02872,0.005995,62.47,10.96,0.0001316,0.00005351,0.4413,0.07122,0.0006502,0.0001524,133.6,21.34,61.6,44.62,0.0001322,0.000298,0.4329,0.3079,0.0006459,0.000557,16130,243.7,6.314,0.3824,0.2865,0.05964,623.2,109.6,0.001289,0.0005235,4.403,0.7136,0.006485,0.001512,1334,213.4,131.8,80.02,171,171,171,171,1,1,192,192,1,1,10,10,5,5,13,13,1,1,1,1,1,1,1,1,1,1,10,10,5,5,13,13,1,1,1,1,1,1,1,1,1,1,1,1,1,1,1,1,1,1,1,1,10,10,5,5,13,13,1,1,1,1,1,1,1,1,1,1,1,1,1,1,1,1,1,1,1,1,1,1,1,1,1,1,1,1,10,10,5,5,13,13,1,1,1,1,1,1,66,1,1,1,1,10,10,5,5,13,13,1,1,1,1,1,1,1,1,1,1,1,1,1,1,1,1,1,1,1,1,10,10,5,5,13,13,1,1,1,1,1,1,1,1,1,1,1,1,1,1,1,1,1,1,1,1,1,1,1,1,1,1,1,1,4.16E+20,5.55E+18,1.99E+16,5.73E+15,1.99E+16,1.83E+15,1.99E+17,1.83E+16,4.16E+20,4.99E+18,4.16E+21,4.99E+19,7.75E+16,8.58E+14,8.37E+16,2.41E+16,8.37E+16,7.79E+15,8.37E+17,7.79E+16,3.58E+21,2.10E+19,3.58E+22,2.10E+20,10,10,10,10,10,10,10,10,10,10,10,10,10,10,10,10,10,10,10,10,10,10,10,10,13,13,192,192,192,192
SADNESSF014.wav,2,1,1,0,0,1610,201.5,-0.3054,282.9,0.00001616,0.01033,-0.000007388,0.01527,-0.01331,2.894,-0.0001829,0.0008253,-0.000007111,0.0002695,0.02165,0.7817,-4.65E-09,0.000006022,0.00003913,0.004705,-1.63E-07,0.00000591,0.04262,1.406,0.03701,42.27,1.18E-08,0.0003925,0.0005604,0.2934,-2.01E-07,0.0003667,-0.1334,28.96,-0.001829,0.008255,-0.00007085,0.002661,0.2159,7.814,-4.97E-08,0.00005556,0.0003939,0.0472,-0.000001623,0.00005845,0.4257,14.06,0.06825,62.84,1024000.02,0,0.6746,0.05208,0.085025838,0.14101595,0.086507668,0.461166536,0.02358,0.0183,1608,40.09,0.6801,0.02645,0.02385,0.003621,74.82,10.38,0.0001302,0.00006012,0.4987,0.05395,0.0005419,0.00008416,157.3,18.96,74.45,53.56,0.0001199,0.0003916,0.5037,0.3249,0.0005367,0.0004036,16080,401,6.801,0.2646,0.2378,0.03598,746.3,103.8,0.001246,0.0005728,4.976,0.5412,0.005404,0.0008362,1570,189.5,157,96.38,171,171,171,171,1,1,192,192,1,1,10,10,5,5,13,13,1,1,1,1,1,1,1,1,1,1,10,10,5,5,13,13,1,1,1,1,1,1,1,1,1,1,1,1,1,1,1,1,1,1,1,1,10,10,5,5,13,13,1,1,1,1,1,1,1,1,1,1,1,1,1,1,1,1,1,1,1,1,1,1,1,1,1,1,1,1,10,10,5,5,13,13,1,1,1,1,1,1,63,1,1,1,1,10,10,5,5,13,13,1,1,1,1,1,1,1,1,1,1,1,1,1,1,1,1,1,1,1,1,10,10,5,5,13,13,1,1,1,1,1,1,1,1,1,1,1,1,1,1,1,1,1,1,1,1,1,1,1,1,1,1,1,1,4.63E+20,4.99E+18,2.41E+16,5.41E+15,2.41E+16,1.53E+15,2.41E+17,1.53E+16,4.63E+20,4.31E+18,4.63E+21,4.31E+19,8.43E+16,6.71E+14,9.75E+16,2.19E+16,9.76E+16,6.14E+15,9.76E+17,6.14E+16,3.78E+21,1.75E+19,3.78E+22,1.75E+20,10,10,10,10,10,10,10,10,10,10,10,10,10,10,10,10,10,10,10,10,10,10,10,10,13,13,192,192,192,192
SADNESSF015.wav,2,1,1,0,0,1628,160,-2.054,216.3,-0.0001775,0.009834,0.000006179,0.009348,-0.01746,2.249,-0.00009079,0.0008605,0.00004805,0.0001965,-0.0717,0.6084,1.35E-07,0.000001508,-0.0004468,0.004037,0.000001395,0.000004577,-0.1634,1.066,0.003746,30.28,2.62E-08,0.0001019,0.0003397,0.2259,0.000000147,0.0002381,-0.1739,22.5,-0.0009089,0.008604,0.0004788,0.001954,-0.7188,6.073,0.000001356,0.00001472,-0.004495,0.04041,0.00001389,0.00004547,-1.638,10.65,-0.08924,48.48,1024000.02,0,0.6806,0.05393,0.07011209,0.10329413,0.064354661,0.250389344,0.02098,0.01551,1636,23.06,0.6729,0.0284,0.02047,0.004828,58.14,16.95,0.00004723,0.00001545,0.4149,0.1079,0.0004597,0.0001486,129,33.41,59.89,42.6,0.00005226,0.0001058,0.4204,0.2828,0.0004755,0.000395,16360,230.6,6.729,0.2841,0.2043,0.04807,580.1,169.3,0.0004632,0.0001525,4.14,1.082,0.004588,0.001478,1288,334.1,131.5,76.04,171,171,171,171,1,1,192,192,1,1,10,10,5,5,13,13,1,1,1,1,1,1,1,1,1,1,10,10,5,5,13,13,1,1,1,1,1,1,1,1,1,1,1,1,1,1,1,1,1,1,1,1,10,10,5,5,13,13,1,1,1,1,1,1,1,1,1,1,1,1,1,1,1,1,1,1,1,1,1,1,1,1,1,1,1,1,10,10,5,5,13,13,1,1,1,1,1,1,62,1,1,1,1,10,10,5,5,13,13,1,1,1,1,1,1,1,1,1,1,1,1,1,1,1,1,1,1,1,1,10,10,5,5,13,13,1,1,1,1,1,1,1,1,1,1,1,1,1,1,1,1,1,1,1,1,1,1,1,1,1,1,1,1,4.77E+20,2.67E+18,2.16E+16,5.71E+15,2.13E+16,3.10E+15,2.13E+17,3.10E+16,4.77E+20,2.09E+18,4.77E+21,2.09E+19,8.62E+16,4.12E+14,8.67E+16,2.30E+16,8.54E+16,1.26E+16,8.54E+17,1.26E+17,3.83E+21,8.37E+18,3.83E+22,8.37E+19,10,10,10,10,10,10,10,10,10,10,10,10,10,10,10,10,10,10,10,10,10,10,10,10,13,13,192,192,192,192
SADNESSF003.wav,2,1,1,0,0,1634,173.9,-1.269,233.1,-9.75E-06,0.009602,-1.30E-06,0.01466,0.07303,2.477,-3.30E-05,0.000623,-2.37E-06,0.000286,-0.009564,0.7734,-3.86E-08,6.08E-06,-4.20E-05,0.004732,-7.86E-08,6.51E-06,-0.01391,1.415,-0.005234,37.7,3.35E-10,0.0004009,-1.39E-05,0.2543,-3.86E-08,0.0003746,0.7299,24.79,-0.0003301,0.00623,-2.39E-05,0.002844,-0.09553,7.731,-3.64E-07,5.73E-05,-0.0004185,0.04742,-7.89E-07,6.47E-05,-0.139,14.14,-0.05689,59.7,1024000.02,0,0.6421,0.0464,0.099283078,0.1727049,0.120759768,0.570968831,0.02904,0.01946,1638,27.21,0.6399,0.03481,0.02967,0.005868,67.59,13.95,0.0001492,6.27E-05,0.4444,0.08141,0.0006868,0.0001381,142.8,25.86,67.94,52.44,0.0001457,0.0004095,0.4449,0.325,0.0006697,0.0004406,16380,272.2,6.399,0.3481,0.2962,0.05866,674,139.6,0.001443,0.0005999,4.432,0.8163,0.006856,0.001381,1425,258.8,143.5,96.29,171,171,171,171,1,1,192,192,1,1,10,10,5,5,13,13,1,1,1,1,1,1,1,1,1,1,10,10,5,5,13,13,1,1,1,1,1,1,1,1,1,1,1,1,1,1,1,1,1,1,1,1,10,10,5,5,13,13,1,1,1,1,1,1,1,1,1,1,1,1,1,1,1,1,1,1,1,1,1,1,1,1,1,1,1,1,10,10,5,5,13,13,1,1,1,1,1,1,61,1,1,1,1,10,10,5,5,13,13,1,1,1,1,1,1,1,1,1,1,1,1,1,1,1,1,1,1,1,1,10,10,5,5,13,13,1,1,1,1,1,1,1,1,1,1,1,1,1,1,1,1,1,1,1,1,1,1,1,1,1,1,1,1,1.98E+21,1.82E+19,5.78E+16,2.04E+16,5.70E+16,8.19E+15,5.70E+17,8.19E+16,1.98E+21,1.65E+19,1.98E+22,1.65E+20,3.94E+17,2.95E+15,2.43E+17,8.62E+16,2.40E+17,3.46E+16,2.40E+18,3.46E+17,1.71E+22,6.93E+19,1.71E+23,6.93E+20,10,10,10,10,10,10,10,10,10,10,10,10,10,10,10,10,10,10,10,10,10,10,10,10,13,13,192,192,192,192
SADNESSF013.wav,2,1,1,0,0,1656,170.7,-1.536,215.4,-0.0001487,0.008896,-4.08E-05,0.01019,0.05762,2.378,-4.62E-05,0.0008837,7.21E-06,0.0002562,-0.0151,0.5597,2.27E-08,2.54E-06,-0.0001413,0.003927,1.79E-07,6.30E-06,-0.02389,1.036,0.02052,30.02,2.35E-07,0.0001543,0.0001725,0.22,-1.35E-06,0.0002617,0.5753,23.79,-0.0004617,0.008838,7.24E-05,0.002557,-0.1507,5.585,2.38E-07,2.45E-05,-0.001414,0.03929,1.80E-06,6.29E-05,-0.2381,10.34,0.005519,49.59,1024000.02,0,0.603,0.05367,0.0958375,0.15717026,0.109648156,0.46498637,0.02929,0.01679,1656,40.95,0.6029,0.03294,0.02913,0.005478,54.99,21.58,9.49E-05,4.34E-05,0.3951,0.162,0.0006761,0.0001238,123.6,43.86,54.07,42,9.26E-05,0.0001694,0.3875,0.3041,0.0006809,0.0004059,16560,409.7,6.029,0.3294,0.2909,0.05482,548.7,216.1,0.000936,0.0004298,3.941,1.624,0.006749,0.001239,1234,439.1,121.4,79.48,171,171,171,171,1,1,192,192,1,1,10,10,5,5,13,13,1,1,1,1,1,1,1,1,1,1,10,10,5,5,13,13,1,1,1,1,1,1,1,1,1,1,1,1,1,1,1,1,1,1,1,1,10,10,5,5,13,13,1,1,1,1,1,1,1,1,1,1,1,1,1,1,1,1,1,1,1,1,1,1,1,1,1,1,1,1,10,10,5,5,13,13,1,1,1,1,1,1,60,1,1,1,1,10,10,5,5,13,13,1,1,1,1,1,1,1,1,1,1,1,1,1,1,1,1,1,1,1,1,10,10,5,5,13,13,1,1,1,1,1,1,1,1,1,1,1,1,1,1,1,1,1,1,1,1,1,1,1,1,1,1,1,1,2.26E+21,1.58E+19,5.79E+16,1.65E+16,5.82E+16,1.08E+16,5.82E+17,1.08E+17,2.26E+21,1.44E+19,2.26E+22,1.44E+20,4.37E+17,2.54E+15,2.33E+17,6.63E+16,2.34E+17,4.36E+16,2.34E+18,4.36E+17,1.83E+22,5.78E+19,1.83E+23,5.78E+20,10,10,10,10,10,10,10,10,10,10,10,10,10,10,10,10,10,10,10,10,10,10,10,10,13,13,192,192,192,192
SADNESSF004.wav,2,1,1,0,0,1574,213.5,-2.676,290.9,-0.0002743,0.008813,-6.39E-06,0.01639,0.1656,2.95,-7.88E-05,0.0006932,1.05E-05,0.000301,-0.1025,0.8715,2.33E-09,4.17E-06,-0.0004108,0.005084,3.05E-07,6.40E-06,-0.1764,1.572,-0.03681,49.77,2.19E-07,0.0002757,-7.81E-05,0.3152,-1.72E-07,0.0003598,1.654,29.54,-0.0007876,0.006932,0.0001056,0.002985,-1.024,8.726,-2.81E-08,4.06E-05,-0.004115,0.05104,3.05E-06,6.35E-05,-1.762,15.74,-0.144,76.52,1024000.02,0,0.6771,0.04148,0.082932386,0.141452642,0.094601584,0.410512237,0.02472,0.0205,1581,44.66,0.6799,0.02565,0.02384,0.0045,69.8,17.01,0.0001183,4.22E-05,0.4724,0.08212,0.0005422,0.0001032,147.9,30.74,71.05,60.57,0.0001229,0.0002866,0.4711,0.3602,0.0005599,0.0004311,15810,447,6.799,0.2565,0.2376,0.04475,695.6,170.2,0.001151,0.0004128,4.711,0.8241,0.005407,0.001027,1475,307.6,150,109,171,171,171,171,1,1,192,192,1,1,10,10,5,5,13,13,1,1,1,1,1,1,1,1,1,1,10,10,5,5,13,13,1,1,1,1,1,1,1,1,1,1,1,1,1,1,1,1,1,1,1,1,10,10,5,5,13,13,1,1,1,1,1,1,1,1,1,1,1,1,1,1,1,1,1,1,1,1,1,1,1,1,1,1,1,1,10,10,5,5,13,13,1,1,1,1,1,1,62,1,1,1,1,10,10,5,5,13,13,1,1,1,1,1,1,1,1,1,1,1,1,1,1,1,1,1,1,1,1,10,10,5,5,13,13,1,1,1,1,1,1,1,1,1,1,1,1,1,1,1,1,1,1,1,1,1,1,1,1,1,1,1,1,2.03E+21,8.97E+18,6.41E+16,2.26E+16,6.29E+16,9.18E+15,6.29E+17,9.18E+16,2.03E+21,7.09E+18,2.03E+22,7.09E+19,4.01E+17,1.32E+15,2.68E+17,9.44E+16,2.63E+17,3.86E+16,2.63E+18,3.86E+17,1.73E+22,2.96E+19,1.73E+23,2.96E+20,10,10,10,10,10,10,10,10,10,10,10,10,10,10,10,10,10,10,10,10,10,10,10,10,13,13,192,192,192,192
SADNESSF005.wav,2,1,1,0,0,1625,183.5,-1.262,244.2,0.0001395,0.008775,-0.000001039,0.01714,-0.009933,2.543,-0.0001319,0.0006956,0.00001048,0.0004977,0.01506,0.6116,1.00E-07,0.000003742,0.0001428,0.004255,2.07E-07,0.00001344,0.03377,1.106,-0.07737,33.82,-9.93E-08,0.0003081,-0.0006138,0.241,-2.41E-07,0.0004595,-0.09978,25.44,-0.001319,0.006955,0.0001044,0.004952,0.1507,6.106,9.83E-07,0.00003591,0.001428,0.04259,0.000002053,0.0001335,0.3378,11.06,-0.1494,51.71,1024000.02,0,0.6478,0.05395,0.103739037,0.1678314,0.272509521,0.90584007,0.04089,0.0342,1623,36.78,0.6449,0.03221,0.04188,0.01,46.83,17.29,0.000152,0.00004149,0.3226,0.1189,0.001022,0.0002846,100.1,32.45,46.2,42.37,0.0001511,0.000272,0.3185,0.2986,0.0009971,0.0009193,16230,367.9,6.449,0.3221,0.4176,0.09952,466.7,172.7,0.001499,0.0004082,3.214,1.19,0.01019,0.00283,998.3,324.3,98.92,76.82,171,171,171,171,1,1,192,192,1,1,10,10,5,5,13,13,1,1,1,1,1,1,1,1,1,1,10,10,5,5,13,13,1,1,1,1,1,1,1,1,1,1,1,1,1,1,1,1,1,1,1,1,10,10,5,5,13,13,1,1,1,1,1,1,1,1,1,1,1,1,1,1,1,1,1,1,1,1,1,1,1,1,1,1,1,1,10,10,5,5,13,13,1,1,1,1,1,1,65,1,1,1,1,10,10,5,5,13,13,1,1,1,1,1,1,1,1,1,1,1,1,1,1,1,1,1,1,1,1,10,10,5,5,13,13,1,1,1,1,1,1,1,1,1,1,1,1,1,1,1,1,1,1,1,1,1,1,1,1,1,1,1,1,3.98E+20,5.02E+18,1.61E+16,6.39E+15,1.63E+16,3.79E+15,1.63E+17,3.79E+16,3.98E+20,4.60E+18,3.98E+21,4.60E+19,7.45E+16,8.90E+14,6.88E+16,2.72E+16,6.97E+16,1.60E+16,6.97E+17,1.60E+17,3.50E+21,1.96E+19,3.50E+22,1.96E+20,10,10,10,10,10,10,10,10,10,10,10,10,10,10,10,10,10,10,10,10,10,10,10,10,13,13,192,192,192,192
SADNESS016G.wav,2,1,1,0,0,1695,217.2,-7.559,256.4,-0.001258,0.007686,-0.00003695,0.01284,-0.5622,3.347,-0.00169,0.0004069,0.00001355,0.0003127,0.2993,0.9613,2.74E-07,0.000004081,0.001923,0.005772,-2.58E-07,0.000008203,0.5627,1.777,0.4407,30.97,5.36E-08,0.0003426,0.003125,0.1925,-0.000001102,0.000371,-5.629,33.51,-0.01691,0.004074,0.0001472,0.003119,2.976,9.611,0.000003498,0.00003759,0.01913,0.0578,-0.00000224,0.00008162,5.602,17.77,-0.284,48.64,1024000.02,0,0.6811,0.07366,0.07240347,0.12324456,0.136183573,0.528465096,0.02761,0.02589,1696,42.18,0.6777,0.02665,0.03259,0.00355,63.25,28.59,0.0001155,0.00002524,0.3827,0.1749,0.000774,0.00009671,132.3,54.99,52.78,56.13,0.00009117,0.0003061,0.3175,0.3346,0.0006577,0.0006885,16960,421.9,6.777,0.2666,0.3246,0.0355,630.1,285.7,0.001091,0.000288,3.814,1.748,0.007702,0.0009568,1319,549.6,114.4,102.5,1,1,1,1,1,1,192,192,1,1,10,10,5,5,13,13,1,1,1,1,1,1,1,1,1,1,10,10,5,5,13,13,1,1,1,1,1,1,1,1,1,1,1,1,1,1,1,1,1,1,1,1,10,10,5,5,13,13,1,1,1,1,1,1,1,1,1,1,1,1,1,1,1,1,1,1,1,1,1,1,1,1,1,1,1,1,10,10,5,5,13,13,1,1,1,1,1,1,65,1,1,1,1,10,10,5,5,13,13,1,1,1,1,1,1,1,1,1,1,1,1,1,1,1,1,1,1,1,1,10,10,5,5,13,13,1,1,1,1,1,1,1,1,1,1,1,1,1,1,1,1,1,1,1,1,1,1,1,1,1,1,1,1,3.86E+20,1.25E+18,1.61E+16,8.48E+15,1.78E+16,5.62E+15,1.78E+17,5.62E+16,3.86E+20,7.72E+17,3.86E+21,7.72E+18,7.21E+16,2.07E+14,6.94E+16,3.65E+16,7.67E+16,2.42E+16,7.67E+17,2.42E+17,3.46E+21,3.33E+18,3.46E+22,3.33E+19,10,10,10,10,10,10,10,10,10,10,10,10,10,10,10,10,10,10,10,10,10,10,10,10,13,13,192,192,192,192
